Kyrillisches_Alphabet,181
I_Ging,158
"Fußball-Weltmeisterschaft",149
Kraftfahrzeugkennzeichen,148
1860,132
Gotik,129
Magdeburg,124
"Liste_der_römischen_Kaiser_der_Antike",122
Wien,121
"Liste_der_Friedensnobelpreisträger",115
Liste_der_byzantinischen_Kaiser,113
"Nürnberg",113
Messier-Katalog,112
Freie_Demokratische_Partei,107
Zweiter_Weltkrieg,103
Dresden,100
"Hebräisches_Alphabet",100
Osttimor,100
Graz,97
Caspar_David_Friedrich,96
Ford,95
Systematik_der_Dinosaurier,94
1890,93
"Lucas_Cranach_der_Ältere",93
Kanada,90
Wiesbaden,90
Bremen,88
Leipzig,87
"Liste_der_Städte_in_Österreich",86
Monarchie,85
Stuttgart,85
1._Januar,83
Flugzeug,83
Bayern,82
"München",82
Wolke,82
"Düsseldorf",81
Schweiz,79
Stephansdom_(Wien),78
"Köln",77
Augsburg,76
Dortmund,71
Eberswalde,71
Berliner_Mauer,70
Brailleschrift,70
Cheops-Pyramide,70
Chile,70
Claude_Monet,70
Pforzheim,69
Bayreuth,68
Freiburg_im_Breisgau,68
Steyr,68
1981,66
1982,64
Cottbus,64
Eiffelturm,64
"Paul_Cézanne",64
Istanbul,63
1946,62
Schwerin,62
Sezessionskrieg,62
"Timișoara",62
Wuppertaler_Schwebebahn,62
Asien,61
General,61
Sukkulente,61
Argentinien,60
Hamburg,60
Los_Angeles,60
Regensburg,60
"Thüringen",60
Warschau,60
1950,59
Heidelberg,59
Kfz-Kennzeichen_(Deutschland),59
Senftenberg,59
1945,58
Bielefeld,58
"Göttingen",58
Paul_Klee,58
Vereinigte_Arabische_Emirate,58
12._August,57
Polen,57
1862,56
"Heidekrautgewächse",56
Niedersachsen,56
"Rumänien",56
1861,55
1969,55
Admiral,55
"Dülmen",55
"Kreuzblütler",55
Main,55
Paris,55
"Europäische_Union",54
Jerusalem,54
Karlspreis,54
"Färöer",53
11._September,52
London,52
Quedlinburg,52
Rembrandt_van_Rijn,52
Bonn,51
Geschichte_Berlins,51
Linz,51
Mecklenburg-Vorpommern,51
Regelungstechnik,51
Roman,51
Sophienkirche_(Dresden),51
1944,50
Conways_Spiel_des_Lebens,50
Diego_Rivera,50
Ecuador,50
Koblenz,50
Leonardo_da_Vinci,50
Riga,50
1863,49
1963,49
Arnsberg,49
Jan_Vermeer,49
Ludwigshafen_am_Rhein,49
Rhein,49
6._August,48
Franz_Marc,48
Glagolitische_Schrift,48
Hawaii,48
Indien,48
Schach,48
Ungarn,48
BMW,47
Barock,47
Frankfurt_(Oder),47
Gambia,47
Helgoland,47
Limburg_an_der_Lahn,47
"Lübeck",47
Turing_Award,47
1960,46
1968,46
8._September,46
Manhattan,46
Max_Liebermann,46
Pierre-Auguste_Renoir,46
U-Boot,46
Zwickau,46
1._August,45
1933,45
1934,45
1974,45
21._September,45
Bamberg,45
Burkina_Faso,45
Demokratische_Republik_Kongo,45
Eurobanknoten,45
Kanarische_Inseln,45
Kroatien,45
Lima,45
Limmat,45
27._August,44
8._August,44
Bangkok,44
Budapest,44
Geschichte_Deutschlands,44
Uruguay,44
"Zürich",44
1._Mai,43
1937,43
1987,43
Amedeo_Modigliani,43
Bremerhaven,43
Coburg,43
Darmstadt,43
"Französische_Revolution",43
"Französische_Sprache",43
Glas,43
"Rhätische_Bahn",43
"Ökologisch-Demokratische_Partei",43
13._August,42
14._August,42
1938,42
1971,42
1977,42
1983,42
21._Mai,42
Donau,42
Freiberg,42
Johann_Sebastian_Bach,42
Neckar,42
Neuseeland,42
Schallplatte,42
"Straßenbahn",42
Tallinn,42
10._Juli,41
10._Mai,41
1972,41
23._Juli,41
"Enzyklopädie",41
Helsinki,41
Itzehoe,41
Kambodscha,41
"Liste_der_Städte_in_Frankreich",41
Peking,41
"Römer_(Frankfurt_am_Main)",41
Schmetterlinge,41
Transsibirische_Eisenbahn,41
"Wörgl",41
10._September,40
12._September,40
1975,40
7._August,40
9._Oktober,40
Commodore_64,40
Enigma_(Maschine),40
Havel,40
Luxemburg_(Stadt),40
Mallorca,40
Nordsee,40
Odenwald,40
Rom,40
Tierkreiszeichen,40
U-Bahn,40
1967,39
1991,39
2._Juli,39
"Bad_Homburg_vor_der_Höhe",39
Basel,39
"Frühmittelalter",39
Hubschrauber,39
S-Bahn,39
Stockholm,39
Teheran,39
"Tübingen",39
17._August,38
18._August,38
1984,38
1988,38
3._August,38
7._Mai,38
Ankara,38
Flughafen_Berlin-Tempelhof,38
Haus_Wettin,38
Lissabon,38
Mikrofon,38
"Nördlingen",38
"Straßburg",38
1._Februar,37
11._August,37
13._Juli,37
15._April,37
17._Januar,37
1941,37
1978,37
1986,37
4._Januar,37
5._August,37
9._August,37
Apple,37
Bratislava,37
Freudenstadt,37
Geschichte_der_Mathematik,37
Kanton_Basel-Stadt,37
Mikroprozessor,37
Pirna,37
Schwefel,37
Shanghai,37
Sorben,37
Tour_de_France,37
Venus_(Planet),37
Wetzlar,37
15._August,36
1812,36
1970,36
1992,36
5._September,36
Aggregat_4,36
Almaty,36
Belgien,36
Brasilien,36
Ghana,36
Hildesheim,36
Indianer,36
Landkreis_Limburg-Weilburg,36
Liberia,36
Mandelbrot-Menge,36
RMS_Titanic,36
Schleswig-Holstein,36
Uster,36
10._August,35
14._Mai,35
1979,35
21._April,35
27._November,35
"6._März",35
9._Mai,35
Afghanistan,35
Bodensee,35
DAX,35
Kairo,35
Konstanz,35
Kreta,35
Louvre,35
Madrid,35
Mongolei,35
Sylt,35
Tower_of_London,35
"Vatikanische_Euromünzen",35
"Windmühle",35
"Österreichische_Euromünzen",35
1._Juli,34
19._September,34
1936,34
1942,34
1948,34
1980,34
2._August,34
28._September,34
4._August,34
7._September,34
9._September,34
Adolf_Hitler,34
"Albrecht_Dürer",34
Astana,34
Bagdad,34
Brandenburger_Tor,34
Franken_(Region),34
Friedrichshafen,34
Hameln,34
Konrad_Adenauer,34
Spanischer_Erbfolgekrieg,34
Ukraine,34
Venezuela,34
11._Oktober,33
1876,33
1921,33
1922,33
1955,33
1990,33
20._September,33
24._Februar,33
24._September,33
3._September,33
5._Oktober,33
6._Mai,33
Alexandria,33
Bad_Soden_am_Taunus,33
Donauradweg,33
Hubble-Weltraumteleskop,33
Kaliningrad,33
"Landkreis_Böblingen",33
Lauch_(Gattung),33
"Lüneburg",33
Napoleon_Bonaparte,33
Otto_von_Bismarck,33
Portugal,33
Prag,33
Richard_Wagner,33
Robert_Koch,33
"Schmetterlingsblütler",33
"Sütterlinschrift",33
Tokio,33
Usbekistan,33
Vereinte_Nationen,33
16._April,32
16._August,32
16._Mai,32
16._September,32
1878,32
1947,32
1976,32
1989,32
23._Mai,32
28._Juli,32
6._Juli,32
Basketball,32
Bundeskanzler_(Deutschland),32
Eichen,32
Franz_Schubert,32
Harz_(Mittelgebirge),32
Havanna,32
Mond,32
Nicaragua,32
Niederlande,32
Polygon,32
Ravensburg,32
Ruhr,32
Singapur,32
Sizilien,32
Skopje,32
Vincent_van_Gogh,32
15._Mai,31
1973,31
20._April,31
23._Januar,31
26._April,31
5._Mai,31
8._Juli,31
Amsterdam,31
Aquarium,31
"Bezirk_Tempelhof-Schöneberg",31
Cannstatter_Volksfest,31
El_Greco,31
Florenz,31
Frankreich,31
"Freiburg_im_Üechtland",31
Internationale_Raumstation,31
Kalifornien,31
Kopenhagen,31
Kuba,31
Louis_Pasteur,31
Michael_Schumacher,31
Mount_Everest,31
Nordamerika,31
San_Francisco,31
Tunesien,31
"Universität",31
Vietnam,31
18._Mai,30
18._September,30
1857,30
1961,30
1985,30
24._Mai,30
26._August,30
26._Mai,30
"27._März",30
Angela_Merkel,30
"Baden-Württemberg",30
Bulgarien,30
Das_Abendmahl_(Leonardo_da_Vinci),30
"Gerhard_Schröder_(CDU)",30
Gertrude_Stein,30
Japan,30
Jugendstil,30
Karl_Marx,30
Stettin,30
10._Februar,29
"16._März",29
18._April,29
18._Februar,29
18._Januar,29
1889,29
22._Februar,29
26._Juli,29
27._April,29
28._Januar,29
30._April,29
9._Januar,29
Autobahn,29
Bosnien_und_Herzegowina,29
Buenos_Aires,29
"Glühlampe",29
Kartoffel,29
Kasimir_Sewerinowitsch_Malewitsch,29
Kronberg_im_Taunus,29
Liechtenstein,29
Malerei,29
Rotbuche,29
Sumerische_Sprache,29
"Säugetiere",29
"Süßgräser",29
Taunus,29
Thomas_Mann,29
Wein,29
Zugspitze,29
13._Mai,28
1939,28
1949,28
25._Mai,28
29._April,28
4._Juli,28
7._Januar,28
Ansel_Adams,28
Emscher,28
"Hahnenfußgewächse",28
Intercity-Express,28
Max_Ernst,28
Minsk,28
Orchideen,28
Ottawa,28
Pablo_Picasso,28
Peine,28
Saarland,28
"Schönbuch",28
"Südkorea",28
Tiflis,28
Virginia_Woolf,28
Windkraftanlage,28
Wolfgang_Amadeus_Mozart,28
1._Oktober,27
12._Januar,27
15._Juni,27
1868,27
1873,27
1875,27
1879,27
1923,27
1931,27
1940,27
2._Mai,27
24._Dezember,27
25._August,27
4._Oktober,27
6._September,27
8._Dezember,27
"Aminosäuren",27
"Aufklärung",27
H-Bahn,27
"Heiliges_Römisches_Reich",27
Inn,27
Jamaika,27
Kitesurfen,27
Litauen,27
Magisches_Quadrat,27
Namibia,27
Oktoberfest,27
Robert_Delaunay,27
"Rosengewächse",27
Schenkelhalsfraktur,27
Sonne,27
Spree,27
Villach,27
10._Oktober,26
12._Februar,26
13._April,26
13._Januar,26
14._Januar,26
"15._März",26
17._Mai,26
1874,26
19._Mai,26
1951,26
2._November,26
21._Juni,26
24._April,26
25._Januar,26
25._Juli,26
4._Mai,26
5._Januar,26
"9._März",26
Abraham_Lincoln,26
Apollo-Programm,26
Balearische_Inseln,26
Brandenburg_an_der_Havel,26
"Deutsche_Euromünzen",26
Deutsche_Kolonien_und_Schutzgebiete,26
Dornbirn,26
El_Salvador,26
"Finnische_Euromünzen",26
Geschichte_Serbiens,26
Johann_Wolfgang_von_Goethe,26
Leonberg,26
"Norrköping",26
Perleberg,26
San_Marino,26
"ß",26
1._April,25
"1._März",25
10._Januar,25
12._Mai,25
14._Juli,25
19._August,25
1929,25
1935,25
1965,25
20._November,25
21._Juli,25
21._Oktober,25
3._Mai,25
31._Januar,25
"4._März",25
8._Mai,25
9._April,25
Albrecht_Altdorfer,25
Antennentechnik,25
Brustkrebs,25
Carl_Schmitt,25
Drehstrom-Synchronmaschine,25
Fahrrad,25
Frauenkirche_(Dresden),25
Lugano,25
"Meißen",25
"Mönchengladbach",25
Objektiv_(Optik),25
Paula_Modersohn-Becker,25
Peru,25
Pierre_de_Fermat,25
"Preußen",25
Quintenzirkel,25
Rio_de_Janeiro,25
Sachsen-Anhalt,25
Seychellen,25
Speyer,25
Teppich_von_Bayeux,25
Thomas_Alva_Edison,25
Tonleiter,25
12._Juni,24
13._September,24
17._Februar,24
1809,24
1831,24
1877,24
1932,24
2._Januar,24
2._Oktober,24
20._Februar,24
20._Januar,24
2000,24
"21._März",24
22._Januar,24
"23._März",24
25._April,24
29._August,24
29._Januar,24
3._Januar,24
3._Oktober,24
30._August,24
31._Mai,24
6._April,24
6._Januar,24
7._April,24
Adler_(Lokomotive),24
Auerochse,24
"Belgische_Euromünzen",24
Costa_Rica,24
Diskette,24
Edinburgh,24
"Elfenbeinküste",24
"Elisabeth_von_Österreich-Ungarn",24
Erde,24
Ernst_Ludwig_Kirchner,24
Estland,24
Ethanol,24
Europa,24
"Flugzeugträger",24
Grigori_Jefimowitsch_Rasputin,24
Hadrian_(Kaiser),24
Hanoi,24
Hauspferd,24
Hermann_Hesse,24
Internationale_Friedensfahrt,24
"Klaipėda",24
Kreuzkirche_(Dresden),24
"Kürbisgewächse",24
Merkur_(Planet),24
Nepal,24
Nil,24
Olympische_Spiele,24
Paul_Gauguin,24
Philippinen,24
Ritterorden,24
"Spanische_Euromünzen",24
"Spanischer_Bürgerkrieg",24
Transrapid,24
William_Turner,24
"Wülfrath",24
14._Juni,23
16._Dezember,23
1642,23
17._Juli,23
1760,23
1859,23
1864,23
1888,23
1954,23
1956,23
20._Mai,23
21._Januar,23
22._April,23
22._September,23
"30._März",23
30._November,23
6._Dezember,23
8._Februar,23
8._Januar,23
"8._März",23
Aldi,23
Bernstein,23
Bonsai,23
Buddhismus,23
Computer,23
Euro,23
Gerhart_Hauptmann,23
"Grönland",23
Kathedrale_Notre-Dame_de_Paris,23
Kaunas,23
Krakau,23
Lienz,23
Lufthansa,23
Mali,23
Malta,23
"Malvengewächse",23
"Myrtengewächse",23
Regenbogen,23
Ruhrgebiet,23
Sanssouci,23
Schweden,23
Sexagesimalsystem,23
Warane,23
Wriezen,23
"Ägypten",23
"Äthiopien",23
1._September,22
10._April,22
"11._März",22
14._April,22
14._Oktober,22
1762,22
"18._März",22
1858,22
1867,22
1927,22
1957,22
1964,22
1966,22
1996,22
"2._März",22
20._August,22
20._Juni,22
22._Juli,22
22._Mai,22
26._Juni,22
28._April,22
30._Juni,22
31._Dezember,22
31._Juli,22
"31._März",22
7._Februar,22
7._Juli,22
A,22
Aluminium,22
August_Bebel,22
Bangladesch,22
Beirut,22
Berlin-Friedenau,22
Bundesgerichtshof,22
Charles_Darwin,22
Elsass,22
"Französisch-Polynesien",22
Gott,22
Grafikkarte,22
Hohen_Neuendorf,22
"Italienische_Euromünzen",22
Kiew,22
"Knoten_(Knüpfen)",22
Landkreis_Emsland,22
Lanzarote,22
"Luxemburgische_Euromünzen",22
Neandertal,22
Neuruppin,22
Norwegen,22
Okular,22
Papier,22
"Platonischer_Körper",22
Potsdamer_Platz,22
Transformator,22
Visum,22
"Washington,_D.C.",22
"Weißrussland",22
Wiesloch,22
Zagreb,22
10._Juni,21
12._Oktober,21
13._Juni,21
13._Oktober,21
16._Januar,21
16._Oktober,21
17._April,21
18._Juli,21
1881,21
1925,21
1926,21
1962,21
1980er,21
21._Februar,21
22._November,21
24._Januar,21
24._Juli,21
25._Juni,21
27._Juli,21
29._Juli,21
30._Juli,21
4._September,21
7._Dezember,21
"7._März",21
Aborigines,21
"Alexander_der_Große",21
Algarve,21
Alkohole,21
Bezirke_in_Hamburg,21
Bozen,21
CERN,21
Christo_und_Jeanne-Claude,21
"Commelinagewächse",21
"Elbląg",21
"Euromünzen",21
"Fledermäuse",21
Gmunden,21
Goldener_Schnitt,21
Gustave_Courbet,21
Hauptstadt,21
Inka,21
Justus_von_Liebig,21
Kanton_Wallis,21
Kronach,21
Malaysia,21
Marienverehrung,21
Mauritius,21
Max_Planck,21
Monaco,21
Museen_in_Berlin,21
Neandertaler,21
Nordrhein-Westfalen,21
"Nördlinger_Ries",21
Oberfranken,21
Oranienburg,21
Panamakanal,21
Positronen-Emissions-Tomographie,21
Ruanda,21
Schottland,21
"Silberbaumgewächse",21
Sonnentau,21
Taschkent,21
Uranus_(Planet),21
Wale,21
Woiwodschaft,21
"12._März",20
"13._März",20
13._November,20
15._Februar,20
15._Januar,20
16._Juli,20
17._Dezember,20
"17._März",20
17._September,20
1820,20
1845,20
1848,20
1852,20
1854,20
19._Februar,20
19._Juni,20
1953,20
2._September,20
20._Juli,20
23._April,20
23._Juni,20
24._August,20
"24._März",20
27._Januar,20
28._Oktober,20
29._Juni,20
29._September,20
3._April,20
3._Februar,20
31._August,20
5._April,20
7._Juni,20
8._Juni,20
9._Juni,20
ARD,20
Antarktis,20
Bad_Belzig,20
"Berlin-Schöneberg",20
Bezirk_Hamburg-Nord,20
"Brücke_(Künstlergruppe)",20
"Bundespräsident_(Deutschland)",20
Dinosaurier,20
Edgar_Degas,20
"Europäische_Eibe",20
Friedrich_Nietzsche,20
Georgien,20
Gold,20
Hauptplatine,20
"Humboldt-Universität_zu_Berlin",20
ICE_3,20
Insekten,20
Internationale_Rotkreuz-_und_Rothalbmond-Bewegung,20
Johannes_Kepler,20
Joseph_Beuys,20
"Kanton_Graubünden",20
Kubismus,20
"Königs_Wusterhausen",20
Luckenwalde,20
Matterhorn,20
Methanol,20
"Monegassische_Euromünzen",20
NATO,20
Nobelpreis,20
"Notenschlüssel",20
Osterinsel,20
"Ostpreußen",20
Parlament,20
Prenzlau,20
Schwarzwald,20
Schweinfurt,20
"Schwäbische_Alb",20
Spiegelteleskop,20
"Stühlingen",20
Tartu,20
Unna,20
Verdienstorden_der_Bundesrepublik_Deutschland,20
Vesuv,20
Wladiwostok,20
Zecken,20
1._Juni,19
14._November,19
15._Dezember,19
1510,19
16._Februar,19
1865,19
19._April,19
1952,19
2._Februar,19
"22._März",19
25._Dezember,19
25._September,19
26._September,19
27._Oktober,19
28._Juni,19
"29._März",19
29._November,19
30._Januar,19
31._Oktober,19
5._Dezember,19
6._Oktober,19
Baskenland,19
Byzantinisches_Reich,19
Che_Guevara,19
Chinesische_Mauer,19
Chromosom,19
Duschanbe,19
Eschborn,19
Franken_(Volk),19
Gemini-Programm,19
Germanen,19
Gibraltar,19
Ginkgo,19
"Heinrich_der_Löwe",19
Johannes_Brahms,19
Kompass,19
Kulmbach,19
Laser,19
Leiden_(Stadt),19
Libyen,19
"Lippenblütler",19
Ljubljana,19
"Lorbeergewächse",19
Marseille,19
Michael_Faraday,19
Nidda,19
Oslo,19
Paul_von_Hindenburg,19
"Portugiesische_Euromünzen",19
Rathenow,19
Schwarzes_Meer,19
Somalia,19
Sozialistische_Einheitspartei_Deutschlands,19
Sueskanal,19
"Südamerika",19
Tampere,19
"Technische_Universität_Berlin",19
Tellur,19
Texas,19
Tirana,19
"Vereinigtes_Königreich",19
"Völkerwanderung",19
World_Trade_Center,19
"Ägyptische_Hieroglyphen",19
"10._März",18
11._Januar,18
11._Mai,18
16._Juni,18
18._Dezember,18
1815,18
1891,18
19._Januar,18
1930,18
20._Oktober,18
25._Februar,18
26._Januar,18
27._Februar,18
29._Mai,18
30._Oktober,18
9._Februar,18
"Afrikanischer_Strauß",18
Angola,18
Apache_OpenOffice,18
Archangelsk,18
Arnis,18
Auge,18
Bauhaus_Dessau,18
Baum,18
Brunei,18
"Carl_Friedrich_Gauß",18
Claus_Schenk_Graf_von_Stauffenberg,18
Commonwealth_of_Nations,18
Der_Blaue_Reiter,18
Deutsche_Mark,18
Differenzmaschine,18
Echter_Hopfen,18
"Eisenhüttenstadt",18
Ernst_Barlach,18
Faro,18
Filderstadt,18
Fraktal,18
Frankenthal_(Pfalz),18
Fuggerei,18
Glasgow,18
"Globale_Erwärmung",18
Haiti,18
"Heißluftballon",18
Herat,18
Herzberg_(Elster),18
Hiroshima,18
"Homosexualität",18
Jupiter_(Planet),18
KZ_Sachsenhausen,18
Max_Reinhardt,18
Meteorit,18
Neptun_(Planet),18
Obelisk,18
Oper,18
Podgorica,18
"Römisches_Reich",18
Saale,18
"San-marinesische_Euromünzen",18
Saturn_(Planet),18
Seele,18
St._Gallen,18
Telefon,18
Trojanischer_Krieg,18
Tschechien,18
Whisky,18
11._April,17
12._Juli,17
13._Dezember,17
13._Februar,17
14._Dezember,17
14._Februar,17
1512,17
1761,17
18._Juni,17
1853,17
1870,17
1959,17
20._Jahrhundert,17
23._August,17
23._Februar,17
24._Oktober,17
28._August,17
"28._März",17
3._Dezember,17
3._Juli,17
3._Juni,17
30._Mai,17
4._Dezember,17
5._Juli,17
6._November,17
9._November,17
Absinth,17
"Berliner_Luftbrücke",17
"Blüte",17
Bologna,17
Bruchsal,17
Burgenland,17
"Carl_von_Linné",17
Charles_de_Gaulle,17
Clara_Zetkin,17
Diamant,17
Eiger,17
Endoskop,17
Erneuerbare-Energien-Gesetz,17
Esoterik,17
Ether,17
"Französische_Euromünzen",17
Freie_Hansestadt_Bremen,17
Genesis_(Band),17
Genua,17
Gleichstrommaschine,17
"Griechische_Euromünzen",17
Herbizid,17
Herz,17
Holz,17
Interferenz_(Physik),17
Irak,17
Jean_Paul,17
Kreiszahl,17
Krieg,17
Kurt_Tucholsky,17
Lochkarte,17
Logarithmus,17
Lyon,17
Mazedonien,17
Mengendiagramm,17
Mettmann,17
Naturpark_Nuthe-Nieplitz,17
"Niccolò_Machiavelli",17
Nischni_Nowgorod,17
Personal_Computer,17
Quarz,17
Reflexion_(Physik),17
"Reykjavík",17
Rote_Kapelle,17
Sonnenfleck,17
Spiegel,17
Spule_(Elektrotechnik),17
Systematik_der_Knochenfische,17
Uhr,17
Vanillin,17
Verfassung_der_Vereinigten_Staaten,17
Weltdokumentenerbe,17
Windgeschwindigkeit,17
11._Juli,16
"14._März",16
1493,16
15._Juli,16
15._November,16
16._November,16
1647,16
1792,16
1887,16
1896,16
19._November,16
19._Oktober,16
1924,16
20._Dezember,16
21._Dezember,16
22._Juni,16
23._September,16
24._Juni,16
26._Februar,16
4._Februar,16
4._Juni,16
"5._März",16
7._November,16
8._April,16
9._Juli,16
"Arnold_Böcklin",16
Arsen,16
Baseball,16
Batterie_(Elektrotechnik),16
Blut,16
"Bundespräsident_(Österreich)",16
DVD,16
"Diego_Rodríguez_de_Silva_y_Velázquez",16
"ETH_Zürich",16
Egon_Schiele,16
Elefanten,16
"Ernst_Thälmann",16
Fichtelgebirge,16
Fidschi,16
Flugsaurier,16
"Frédéric_Chopin",16
Gletscher,16
Gulden,16
Karthago,16
"Kärnten",16
"Liste_von_Sehenswürdigkeiten_in_Berlin",16
Magnetresonanztomographie,16
Montenegro,16
Mutter,16
Regen,16
Relais,16
Rokoko,16
Schiffshebewerk,16
Segel,16
Senegal,16
Slowenien,16
Sonnensystem,16
Sprachgebrauch_in_der_DDR,16
Sudan,16
Templin,16
Terrarium,16
The_Beatles,16
Ulaanbaatar,16
Vanuatu,16
"Vitalienbrüder",16
Wallenstein,16
Wyoming,16
Zerbst/Anhalt,16
10._Dezember,15
15._Oktober,15
1511,15
1644,15
17._Oktober,15
1763,15
1844,15
1847,15
1871,15
1893,15
19._Juli,15
1928,15
1958,15
1994,15
1995,15
1997,15
2._April,15
"20._März",15
2002,15
"25._März",15
28._November,15
29._Dezember,15
"3._März",15
30._Dezember,15
30._September,15
4._April,15
6._Februar,15
Akeleien,15
Algerien,15
Atheismus,15
Atom,15
Beaufortskala,15
Beeskow,15
Blei,15
Blitz,15
Bobingen,15
"Brennnesselgewächse",15
Brennnesseln,15
Chemie,15
Dampfmaschine,15
Dominikanische_Republik,15
"Durrës",15
Email,15
Erwin_Piscator,15
"Föhr",15
George_W._Bush,15
Gladiator,15
Granatgruppe,15
Hagenow,15
Halogene,15
Honduras,15
ISO-Container,15
"Ingwergewächse",15
Internationale_Filmfestspiele_Berlin,15
KZ_Auschwitz-Birkenau,15
Kamerun,15
Lesser_Ury,15
Lhasa,15
"Madonna_(Künstlerin)",15
Mais,15
Makedonien,15
Michelangelo,15
Microsoft,15
Mir_(Raumstation),15
Myanmar,15
"Niederländische_Antillen",15
Nowosibirsk,15
Oszilloskop,15
Otto_Hahn,15
Pinguine,15
Posaune,15
"Pyrenäen",15
Quantenmechanik,15
Radar,15
Reformation,15
Reine_Stimmung,15
Salbei,15
Scanner_(Datenerfassung),15
Scientology,15
Segeln,15
Sindelfingen,15
Summenformel,15
Tango_Argentino,15
Tastatur,15
Varusschlacht,15
Vulkan,15
Wald,15
Wasser,15
Weil_der_Stadt,15
Werner_von_Siemens,15
Wirtschaft_Berlins,15
ZDF,15
1._Dezember,14
1._November,14
11._Dezember,14
12._November,14
1513,14
1759,14
1776,14
1794,14
1803,14
1804,14
1805,14
1813,14
1817,14
1819,14
1822,14
1830,14
1840,14
1851,14
1882,14
1894,14
1899,14
1990er,14
1998,14
23._Dezember,14
23._Oktober,14
"26._März",14
27._Juni,14
5._Juni,14
5._November,14
6._Juni,14
8._November,14
August_Macke,14
"Auswärtiges_Amt",14
Baden_(Land),14
Baikalsee,14
"Bismarck_(Schiff,_1939)",14
"Börse",14
Calw,14
Carl_von_Ossietzky,14
Charles_Chaplin,14
Chemische_Reaktion,14
Chemische_Waffe,14
Dijkstra-Algorithmus,14
Drachen,14
"Dreißigjähriger_Krieg",14
"Düssel",14
"Eduard_Mörike",14
Eindhoven,14
Einkommensteuer_(Deutschland),14
Elisabeth_I.,14
"Enziangewächse",14
Eppstein,14
Farbe,14
Fotografie,14
Friedensvertrag_von_Versailles,14
Galenit,14
Go_(Spiel),14
Hanse,14
Immanuel_Kant,14
Irkutsk,14
Islam,14
"Italienische_Küche",14
James_Joyce,14
Kelten,14
Kloster,14
"Korbblütler",14
Krasnojarsk,14
Kreis,14
Liste_der_Bezirke_und_Ortsteile_Berlins,14
Luftschiff,14
Malawi,14
Marie_Curie,14
Marokko,14
"Milchstraße",14
"Niederländische_Euromünzen",14
Norderstedt,14
Ozean,14
Panama,14
Pickelhaube,14
Pilze,14
Pinneberg,14
Point-to-Point_Protocol,14
Portugiesische_Sprache,14
Raytracing,14
Rhein-Main-Gebiet,14
Ribnitz-Damgarten,14
"Richard_Löwenherz",14
Rosa_Luxemburg,14
Schiefer_Turm_von_Pisa,14
Serotonin,14
Simbabwe,14
Slawen,14
Stirlingmotor,14
Strahlentherapie,14
Theater,14
Wacholder,14
Weizen,14
Wochentag,14
Zentralasien,14
"Ätna",14
11._Juni,13
11._November,13
12._April,13
1425,13
1500,13
1573,13
1630,13
17._November,13
1775,13
1777,13
1790,13
1791,13
18._Oktober,13
1810,13
1816,13
1818,13
1837,13
1846,13
1856,13
1872,13
1880,13
1883,13
1885,13
19._Dezember,13
"19._März",13
2000er,13
2001,13
21._August,13
22._August,13
25._Oktober,13
27._Mai,13
7._Oktober,13
8._Oktober,13
Achilleus,13
Albert_Schweitzer,13
Andreas_Hofer,13
Architektur,13
Arthur_Schopenhauer,13
"Ascorbinsäure",13
Astrologie,13
Aufstand_des_17._Juni,13
B._Traven,13
Bauhaus,13
Berlin-Dahlem,13
Beugung_(Physik),13
Bhutan,13
Caligula,13
Chemisches_Element,13
Christian_Morgenstern,13
Concorde,13
Deutsches_Rotes_Kreuz,13
Die_Siedler_von_Catan,13
Eiderente,13
Eisen,13
Elektrotechnik,13
Energie,13
Feminismus,13
Franz_Kafka,13
"Fränkische_Saale",13
"Fuchsschwanzgewächse",13
Gartenbohne,13
Geschichte_Europas,13
Gobi,13
Greenpeace,13
Helmut_Kohl,13
Hildegard_von_Bingen,13
Holzwickede,13
"Höckerschwan",13
Insulin,13
Intel_80386,13
Isar,13
Joachim_Gauck,13
Johanna_Spyri,13
Jolly_Roger,13
Jordanien,13
Juri_Alexejewitsch_Gagarin,13
Karl_May,13
Kommunismus,13
Konstantinopel,13
Korbach,13
Linux,13
Lychen,13
Mailand,13
Moldawien,13
Moose,13
Moosfarne,13
"Mühle",13
Nationalsozialistische_Deutsche_Arbeiterpartei,13
Nikolaus_Kopernikus,13
Niue,13
"Oberösterreich",13
Orang-Utans,13
Pentagon,13
Platon,13
Raffael,13
Raubtiere,13
Rheinsberg,13
Rotalgen,13
Rudolf_Steiner,13
Salzwedel,13
Samarqand,13
Santo_Domingo,13
"Schlüssel",13
Seide,13
Silber,13
Strausberg,13
Struwwelpeter,13
Swasiland,13
Systematik_der_Vielzelligen_Tiere,13
Tanz,13
"Terroranschläge_am_11._September_2001",13
Theodor_Heuss,13
Twistringen,13
Uganda,13
Vereinte_Dienstleistungsgewerkschaft,13
"Weißes_Haus",13
Winglet,13
Ziesar,13
12._Dezember,12
1525,12
1561,12
1565,12
1566,12
1581,12
1612,12
1615,12
1622,12
1632,12
1650,12
1654,12
1662,12
1686,12
17._Juni,12
1757,12
1758,12
1787,12
1793,12
1795,12
1796,12
1797,12
1798,12
1799,12
18._November,12
1821,12
1834,12
1841,12
1855,12
1884,12
1897,12
1999,12
2._Dezember,12
2._Juni,12
22._Oktober,12
24._November,12
26._Dezember,12
26._November,12
27._September,12
28._Dezember,12
28._Februar,12
29._Oktober,12
5._Februar,12
9._Dezember,12
"Agavengewächse",12
Amateurfunkdienst,12
American_Football,12
Analog-Digital-Umsetzer,12
"Archäologie",12
Aristoteles,12
Artemisia_(Pflanze),12
Augustus,12
"Aurora_(Schiff,_1900)",12
Bahamas,12
Bayernpartei,12
Berlin-Kreuzberg,12
Bruttoinlandsprodukt,12
Chlorophylle,12
Containerschiff,12
"Desoxyribonukleinsäure",12
Deutsche_Bundesbank,12
Deutscher_Film,12
Deutschsprachige_Literatur,12
Documenta,12
Dodo,12
"Doldenblütler",12
Dominica,12
Edelgase,12
Egon_Erwin_Kisch,12
Eis,12
Eritrea,12
Ferdinand_von_Zeppelin,12
Feuer,12
Gaius_Iulius_Caesar,12
Game_Boy,12
Gorillas,12
Gottfried_Wilhelm_Leibniz,12
Griechen,12
Grillen,12
Hans_Arp,12
Heinrich_Himmler,12
Hochwasser_in_Mitteleuropa_2002,12
Huldrych_Zwingli,12
Hunde,12
IBM,12
Ilias,12
Indigo,12
Joseph_Goebbels,12
"Karl_der_Große",12
Kohlenhydrate,12
"Königliche_Saline_in_Arc-et-Senans",12
"Kürbisse",12
Lawine,12
Lettland,12
Licht,12
Linth,12
"Liste_der_politischen_Parteien_in_Österreich",12
Ludwig_van_Beethoven,12
Luftverschmutzung,12
Martinique,12
Max_Frisch,12
"Migräne",12
Mimikry,12
Mittelalter,12
Mittelmeer,12
Moll,12
Motorenbenzin,12
"Müncheberg",12
Nervenzelle,12
Oberrheinische_Tiefebene,12
"Organisation_für_wirtschaftliche_Zusammenarbeit_und_Entwicklung",12
Oskar_Lafontaine,12
Paella,12
Pappeln,12
Pentagramm,12
Peroxide,12
Pfadfinder,12
Pluto,12
Primaten,12
Rohrkolben,12
Rosenkranz,12
Sambia,12
Sankt_Goarshausen,12
Schwingkreis,12
Semperoper,12
Sirius,12
"Sumachgewächse",12
Thalwil,12
Tirol,12
Toulouse,12
Trafalgar_Square,12
Trajan,12
Trullo,12
Tulpenmanie,12
Tycho_Brahe,12
Violine,12
Wanderjahre,12
"Weidengewächse",12
Weihnachtsmann,12
Wernher_von_Braun,12
Windsurfen,12
"Ägyptisches_Museum_Berlin",12
10._November,11
11._Februar,11
1499,11
1556,11
1558,11
1559,11
1563,11
1569,11
1572,11
1596,11
1599,11
1608,11
1610,11
1627,11
1639,11
1640,11
1652,11
1658,11
1667,11
1774,11
1778,11
1781,11
1800,11
1807,11
1824,11
1838,11
1849,11
1866,11
1892,11
1960er,11
1970er,11
22._Dezember,11
25._November,11
Actinidia_deliciosa,11
Altlandsberg,11
Ammoniak,11
Amnesty_International,11
Ampelkoalition,11
Apollo_11,11
Asteroid,11
Astrachan,11
Atoll,11
Bahrain,11
Benediktiner,11
Bibliothek,11
Bundesverfassungsgericht,11
Caracalla,11
Carl_Benz,11
Castel_del_Monte,11
Central_Intelligence_Agency,11
Chirurgie,11
Compact_Disc,11
Den_Haag,11
Deutsche_Wiedervereinigung,11
Deutsches_Technikmuseum_Berlin,11
Dreieck,11
Dungeons_&_Dragons,11
"Else_Lasker-Schüler",11
Erich_Honecker,11
"Ernst_Jünger",11
Firewall,11
"Färöische_Sprache",11
"Föhn",11
Gabun,11
Gazastreifen,11
Genealogie,11
"George_Bähr",11
Geschichte_Kretas,11
"Geschichte_von_Bündnis_90/Die_Grünen",11
Glucose,11
Haithabu,11
Hallein,11
Hannah_Arendt,11
Hans_Baldung,11
Heidelbeeren,11
"Hundertjähriger_Krieg",11
Indoarische_Sprachen,11
Inflation,11
"Irische_Euromünzen",11
Jahreszeit,11
Jekaterinburg,11
Johann_Heinrich_Zedler,11
Jugoslawien,11
Julian_(Kaiser),11
"Kanton_Zürich",11
Kieselgur,11
Kommunistische_Partei_Deutschlands,11
Konrad_Zuse,11
Krakatau,11
Landkreis_Elbe-Elster,11
Lichtmikroskop,11
Liestal,11
Loriot,11
Ludwig_Erhard,11
Luftfeuchtigkeit,11
"Lübben_(Spreewald)",11
Madame_de_Pompadour,11
Main-Taunus-Kreis,11
Manga,11
Marc_Chagall,11
Marcel_Duchamp,11
Miles_Davis,11
Modem,11
Muse_(Mythologie),11
Musical_Instrument_Digital_Interface,11
Narwal,11
"Niccolò_Paganini",11
Ob,11
Oberpfalz,11
Ostsee,11
Photovoltaik,11
Plattentektonik,11
Quadratur_des_Kreises,11
Rastertunnelmikroskop,11
"Römische_Zahlschrift",11
Saline,11
Samuel_Hahnemann,11
Sauerstoff,11
Schafgarben,11
Schwimmsport,11
"Seerosengewächse",11
Seine,11
Sex,11
Silicate,11
Sinus_und_Kosinus,11
Soziologie,11
Stadtbahn,11
Staufer,11
Surtsey,11
Taufe,11
Tetraeder,11
Trigonometrie,11
Tropfstein,11
Tsunami,11
Tux_(Maskottchen),11
Ulysses_S._Grant,11
Viren,11
"Weiß-Tanne",11
Wiener_Kongress,11
"Wilhelm_Furtwängler",11
William_Shakespeare,11
1241,10
1492,10
1494,10
15._Jahrhundert,10
1509,10
1514,10
1520,10
1535,10
1562,10
1568,10
1580,10
1597,10
1636,10
1656,10
1660,10
1670,10
1685,10
1732,10
1741,10
1755,10
1767,10
1770,10
1772,10
1789,10
1811,10
1825,10
1832,10
1835,10
1839,10
1886,10
1898,10
1920er,10
21._November,10
26._Oktober,10
28._Mai,10
3._November,10
4._November,10
"Ablauf_der_Terroranschläge_am_11._September_2001",10
Anthroposophie,10
Attac,10
Axolotl,10
Baikal-Amur-Magistrale,10
Barby,10
Barnim,10
Berlin-Alt-Treptow,10
Bibel,10
Bikini,10
Blauwal,10
Bosporus,10
"Böhmen",10
"Bön",10
Chimborazo,10
Chlor,10
Christentum,10
Demokratischer_Frauenbund_Deutschlands,10
Deutsche_Bahn,10
Doppler-Effekt,10
Dorf,10
Dossenheim,10
Drehstrom-Asynchronmaschine,10
E-Plus,10
Elektrische_Ladung,10
Elektrokardiogramm,10
Erbse,10
Ernst_Reuter,10
Europa_(Mond),10
Fichten,10
"Französisch-Guayana",10
Fritz_Haarmann,10
Gaia_(Mythologie),10
Galileo_Galilei,10
Gallium,10
Getreide,10
Gotland,10
Hagel,10
Hainbuche,10
Heinrich_Hertz,10
Heinrich_VII._(HRR),10
Helium,10
Hofheim_am_Taunus,10
Holland,10
"Homöopathie",10
Informatik,10
Innviertel,10
Jemen,10
Johannes_Gutenberg,10
Kanton_Glarus,10
Katalyse,10
Kelkheim_(Taunus),10
Kenia,10
Keramik,10
Klassizismus,10
Kohle,10
Kunst,10
Landkreis_Marburg-Biedenkopf,10
Landkreis_Ostprignitz-Ruppin,10
Leo_XIII.,10
Lew_Nikolajewitsch_Tolstoi,10
Ludwik_Lejzer_Zamenhof,10
Man_Ray,10
Mangan,10
Marco_Polo,10
Mark_Twain,10
Markus_Wasmeier,10
Moltebeere,10
Murten,10
Napier_(Neuseeland),10
Nigeria,10
Nikolaus_von_Kues,10
"Nosferatu_–_Eine_Symphonie_des_Grauens",10
"Náchod",10
"Oberflächenspannung",10
"Palmengewächse",10
Polarlicht,10
Polymerase-Kettenreaktion,10
"Präsident_der_Vereinigten_Staaten",10
Pylos,10
Quecksilber,10
Regnitz,10
Reinhard_Heydrich,10
Reinhold_Begas,10
Rhein-Neckar-Kreis,10
Romanik,10
"Réunion",10
Satire,10
"Schilddrüse",10
Schlacht_von_Trafalgar,10
Seerosen,10
Sikkim,10
Silber-Weide,10
Sokrates,10
Sonnenkollektor,10
Spanische_Sprache,10
Sprachwissenschaft,10
"Storchschnabelgewächse",10
Tansania,10
Technetium,10
Thermografie,10
Titius-Bode-Reihe,10
Titus,10
Tragschrauber,10
Trinidad_und_Tobago,10
Troja,10
Tschad,10
Tuareg,10
Turkmenistan,10
Umweltschutz,10
Videorekorder,10
Vier-Farben-Satz,10
"Volapük",10
Wales,10
Walter_Gropius,10
Wasserrettungsorganisation,10
Weichsel,10
Weihnachten,10
Weltausstellung,10
Wirbeltiere,10
Wuhan,10
"Währung",10
"Wüste",10
Zeit_des_Nationalsozialismus,10
Zirkel,10
"Zwölftontechnik",10
1260,9
1415,9
1496,9
1501,9
1504,9
1506,9
1507,9
1515,9
1519,9
1521,9
1523,9
1540,9
1544,9
1546,9
1548,9
1550,9
1552,9
1555,9
1557,9
1560,9
1567,9
1577,9
1590,9
1591,9
1593,9
1594,9
1598,9
1600,9
1602,9
1605,9
1606,9
1616,9
1617,9
1620,9
1635,9
1638,9
1648,9
1649,9
1655,9
1665,9
1672,9
1674,9
1678,9
1683,9
1701,9
1715,9
1740,9
1742,9
1764,9
1768,9
1769,9
1783,9
1826,9
1828,9
1842,9
1843,9
1850,9
1869,9
Adam_und_Eva,9
"Aikidō",9
Alan_Turing,9
Alexej_von_Jawlensky,9
Angelina_Jolie,9
Anton_von_Werner,9
Argon,9
Arminius,9
Athene,9
August_II._(Polen),9
Automobil,9
B,9
Ballon,9
Barometer,9
Bayreuther_Festspiele,9
Bermuda,9
Beurteilung_eines_Klassifikators,9
Beuteltiere,9
Bildende_Kunst,9
Burundi,9
Butter,9
Charles_Sanders_Peirce,9
Coffein,9
Denis_Papin,9
"Die_Zauberflöte",9
Diogenes_von_Sinope,9
Eisbrecher,9
Elektrische_Spannung,9
Europarat,9
Farne,9
Fernsehen,9
Feuerbohne,9
"Flörsheim_am_Main",9
Fructose,9
Galaxie,9
"Gießen_(Verfahren)",9
Gift,9
Global_System_for_Mobile_Communications,9
Granit,9
Great_Barrier_Reef,9
Guinea-Bissau,9
"Hanfgewächse",9
Heiliger,9
Hispaniola,9
Hochheim_am_Main,9
Humanismus,9
"Induktivität",9
Jeans,9
Jiddisch,9
Jungsteinzeit,9
Jupiter_(Mythologie),9
Justinian_I.,9
Kanton_Freiburg,9
Kanton_Tessin,9
"Kartäuser",9
Kasan,9
Katar,9
Kathmandu,9
Keltische_Mythologie,9
Kichererbse,9
Kleinsche_Flasche,9
Komodowaran,9
Konrad_Duden,9
Kreis_Nordfriesland,9
Legierung,9
Lehmbau,9
Libellen,9
Liste_von_Gewerkschaften_in_Deutschland,9
Literatur,9
Lithium,9
"Malpighiengewächse",9
Martin_von_Tours,9
Massachusetts_Institute_of_Technology,9
Mechanisches_Fernsehen,9
Mensch,9
Menschenaffen,9
Milch,9
Miranda_(Mond),9
Mosambik,9
Mumie,9
Myokardinfarkt,9
Natrium,9
Naturwissenschaft,9
Netzhaut,9
Niederrhein_(Region),9
Oboe,9
Omsk,9
Pfeffer,9
Pizza,9
Plejaden,9
Pranger,9
"Prädikatenlogik",9
Puppe_(Insekt),9
Religionskritik,9
Rheingau-Taunus-Kreis,9
Roboter,9
Russische_Sprache,9
"Rüsseltiere",9
Saddam_Hussein,9
Sakkara,9
Sal-Weide,9
Sarkophag,9
Saxophon,9
Sibirien,9
"Spätmittelalter",9
Stahl,9
Steve_Wozniak,9
Stockerau,9
"Säulen_des_Herakles",9
Taler,9
Theodor_Herzl,9
Thomaskirche_(Leipzig),9
Thor,9
Triumphbogen_(Paris),9
Trompete,9
Tschechoslowakei,9
Tupolew_Tu-144,9
Ultraviolettstrahlung,9
Vagina,9
Vegetarismus,9
Venus_(Mythologie),9
Verwitterung,9
Via_Appia,9
Voynich-Manuskript,9
Wasserstoff,9
"Weiße_Rose",9
Welle,9
Woodrow_Wilson,9
"Wörlitz",9
1429,8
1497,8
1498,8
1502,8
1503,8
1505,8
1516,8
1527,8
1532,8
1534,8
1538,8
1543,8
1545,8
1549,8
1574,8
1575,8
1578,8
1583,8
1589,8
1614,8
1619,8
1623,8
1629,8
1643,8
1646,8
1653,8
1657,8
1661,8
1669,8
1673,8
1682,8
1691,8
1695,8
1736,8
1747,8
1751,8
1771,8
1779,8
1780,8
1784,8
1786,8
1788,8
1801,8
1806,8
1814,8
1833,8
1836,8
1895,8
1930er,8
23._November,8
Abgeordnetenhaus_von_Berlin,8
Achim_von_Arnim,8
Adrenalin,8
Akranes,8
Aktie,8
"Alte_Maße_und_Gewichte_(deutschsprachiger_Raum)",8
Americium,8
Amphore,8
Amplitudenmodulation,8
Arabische_Liga,8
"Arthur_Wellesley,_1._Duke_of_Wellington",8
Astrid_Lindgren,8
August_Hermann_Francke,8
Barockmusik,8
Baruch_de_Spinoza,8
Benvenuto_Cellini,8
Beton,8
Bettina_von_Arnim,8
Beutelwolf,8
Bildschirmtext,8
Bischkek,8
Bliss-Symbol,8
Bundesarbeitsgericht,8
Bundesversammlung_(Schweiz),8
"Bücherverbrennung",8
C,8
Caesium,8
Chabarowsk,8
Comic,8
Datenspeicher,8
Demokratie,8
Destillation,8
Deutsches_Reich,8
Dominikaner,8
Dschibuti,8
Edel-Tanne,8
"Einstellungsgröße",8
Eisenhut,8
Eishockey,8
"Elektrische_Kapazität",8
Emil_Nolde,8
Energieeinsparung,8
Enzym,8
Erdgas,8
"Erich_Kästner",8
FIFA,8
Fernrohr,8
"Fettsäuren",8
Fidel_Castro,8
Franz_Werfel,8
Funktion_(Mathematik),8
George_Gordon_Byron,8
Gesetze_der_Form,8
Giuseppe_Verdi,8
Gottfried_Benn,8
Gregor_Gysi,8
"Großer_fermatscher_Satz",8
Halifax_(Nova_Scotia),8
Hans_Baluschek,8
Heinrich_Mann,8
Hephaistos,8
Hexenring,8
Holzkohle,8
"Hämoglobin",8
"Hölle",8
Immunologie,8
Immunsystem,8
Indus-Kultur,8
Internationaler_Gerichtshof,8
Io_(Mond),8
Iod,8
Isis,8
James_Watt,8
Jan_van_Eyck,8
Johann_Gottlieb_Fichte,8
Joschka_Fischer,8
Kanton_Thurgau,8
"Karl_Dönitz",8
Karl_Schmidt-Rottluff,8
Kernspinresonanzspektroskopie,8
Kiental_BE,8
Kohlenwasserstoffe,8
Kondom,8
Koran,8
Korea,8
Krebs_(Medizin),8
Kriftel,8
"Käthe_Kollwitz",8
Lagune,8
Landkreis_Breisgau-Hochschwarzwald,8
Landkreis_Havelland,8
"Landkreis_Lörrach",8
Landkreis_Oberspreewald-Lausitz,8
Landkreis_Potsdam-Mittelmark,8
"Landkreis_Spree-Neiße",8
"Landkreis_Teltow-Fläming",8
Leni_Riefenstahl,8
Leonhard_Euler,8
Lichtgeschwindigkeit,8
Ligatur_(Typografie),8
Lise_Meitner,8
Louise_Otto-Peters,8
"Lucas_Cranach_der_Jüngere",8
Ludwig_Wittgenstein,8
MP3,8
Mammuts,8
Marienerscheinungen_und_Wallfahrt_in_Lourdes,8
"Markgräflerland",8
"Marschflugkörper",8
Mauna_Loa,8
Medici,8
Mitteleuropa,8
Mohenjo-Daro,8
Murmansk,8
"Möbiusband",8
Nachrichtendienst,8
Nationalsozialismus,8
Niger-Kongo-Sprachen,8
Novalis,8
Nymphe,8
Oderbruch,8
Pelletheizung,8
Perl_(Programmiersprache),8
Permakultur,8
Planetarischer_Nebel,8
Pollen,8
Pyramide_(Geometrie),8
"Radioaktivität",8
Raumfahrt,8
Religion,8
Renaissance,8
Rhode_Island,8
Roskilde,8
Schachtelhalme,8
Schiffsschleuse,8
"Schraubenbaumgewächse",8
Schreibschrift,8
Sextant,8
Siedepunkt,8
Sint_Eustatius,8
Sojabohne,8
Sorbische_Sprachen,8
Sparta,8
Switch_(Netzwerktechnik),8
Thing,8
Thomas_von_Aquin,8
Thor_Heyerdahl,8
Tonga,8
Urin,8
Venusfliegenfalle,8
Vier-Elemente-Lehre,8
"Viskosität",8
Walmart,8
Werner_Heisenberg,8
"Wilhelm_Conrad_Röntgen",8
Wilhelm_Raabe,8
Wisconsin,8
Wolgograd,8
1000,7
1010,7
1419,7
1426,7
1427,7
1430,7
1450,7
1455,7
1459,7
1470,7
1482,7
1486,7
1508,7
1518,7
1528,7
1529,7
1531,7
1536,7
1541,7
1553,7
1554,7
1564,7
1570,7
1571,7
1576,7
1579,7
1584,7
1585,7
1595,7
1601,7
1604,7
1618,7
1625,7
1626,7
1628,7
1633,7
1634,7
1637,7
1651,7
1663,7
1668,7
1671,7
1675,7
1676,7
1677,7
1681,7
1688,7
1692,7
1700,7
1703,7
1712,7
1726,7
1730,7
1731,7
1744,7
1745,7
1746,7
1766,7
1802,7
1827,7
19._Jahrhundert,7
1950er,7
29._Februar,7
Ablass,7
Ackerbohne,7
Adam_Ries,7
Adolf_Eichmann,7
Adventskalender,7
Aggregatzustand,7
Akkumulator,7
"Albrecht_(Preußen)",7
"Annette_von_Droste-Hülshoff",7
Antigua_und_Barbuda,7
Antike,7
Apartheid,7
Apple_Macintosh,7
Archaeopteryx,7
"Armand-Jean_du_Plessis,_duc_de_Richelieu",7
Aruba,7
Asmara,7
Azeotrop,7
Baryonyx,7
Betriebssystem,7
Biologie,7
Blechblasinstrument,7
Bockbier,7
Brikett,7
Britische_Jungferninseln,7
Britisches_Territorium_im_Indischen_Ozean,7
Bronzezeit,7
Buch,7
Buchen,7
Buddha,7
Cargolifter_AG,7
Carl_von_Alten,7
Carotine,7
Cayman_Islands,7
Cholera,7
Christiane_von_Goethe,7
Computerspiel,7
Das_Schwarze_Auge,7
David_Lynch,7
Deutsche_Kommunistische_Partei,7
Echelon,7
Edmund_Stoiber,7
Elfenbein,7
Erasable_Programmable_Read-Only_Memory,7
Erste_Hilfe,7
Ethernet,7
Ethik,7
Evangelium_nach_Johannes,7
Falklandinseln,7
Fluor,7
Freiwirtschaft,7
Fresnel-Linse,7
"Froschlöffelgewächse",7
Gebet,7
Gehirn,7
Geographie_Frankreichs,7
Gerste,7
"Geschichte_der_römisch-katholischen_Kirche",7
Grand-Bassam,7
Guyana,7
Handwerk,7
Hans_von_Kulmbach,7
Hausschwein,7
Hedwig_von_Andechs,7
"Heidekräuter",7
Heldenplatz,7
Hirohito,7
Hochschule_Bonn-Rhein-Sieg,7
Hochtaunuskreis,7
Hollywood,7
"Hugo_Chávez",7
"Hörschel",7
Ignaz_Semmelweis,7
Infrarotstrahlung,7
Insel,7
Internationales_Olympisches_Komitee,7
Isaac_Newton,7
J._R._R._Tolkien,7
JPEG,7
Jassir_Arafat,7
Kanton_Basel-Landschaft,7
Kartenspiel,7
Kaschmir,7
Kloakentiere,7
Knorpelfische,7
Kogge,7
Komet,7
Kontinent,7
Kraft,7
Kultur,7
Kuwait,7
Landkreis_Dahme-Spreewald,7
Laserdisc,7
"Lauchgewächse",7
Lehm,7
Liederbach_am_Taunus,7
"Liepāja",7
M._Night_Shyamalan,7
Manchester,7
Margaret_Thatcher,7
Marianne_von_Werefkin,7
Marschall,7
Marxismus,7
Maschine,7
Mathilde_Wesendonck,7
Matthias_Platzeck,7
Max_Pechstein,7
Metaphysik,7
Moa,7
Monty_Python,7
Morsezeichen,7
Nahostkonflikt,7
Natriumcarbonat,7
Neil_Armstrong,7
Nelly_Sachs,7
Nero,7
New_York_(Bundesstaat),7
Nickel,7
"Organisation_für_Sicherheit_und_Zusammenarbeit_in_Europa",7
Origami,7
Papst,7
Partei_des_Demokratischen_Sozialismus,7
Parteispende,7
Periodensystem,7
Pest,7
"Pfahlgründung",7
Pharao,7
Pocken,7
Quinoa,7
Realismus_(Kunst),7
Rhodium,7
Rogier_van_der_Weyden,7
Roskilde-Festival,7
Rosmarin,7
Satz_des_Pythagoras,7
Scalable_Vector_Graphics,7
Scharfrichter,7
Schiff,7
Schwarzes_Loch,7
Schwerkraft,7
"Schönstattbewegung",7
Seelow,7
Senf,7
Shkodra,7
Silicium,7
Skythen,7
Speierling,7
Stapellauf,7
Stein_von_Rosette,7
Steve_Jobs,7
Supernova,7
"Systematik_der_Gliederfüßer",7
Tetris,7
Tiberius,7
Titan_(Element),7
Traditionelle_chinesische_Medizin,7
Trebur,7
Tunis,7
Umweltverschmutzung,7
Wahrscheinlichkeitstheorie,7
Wanzleben,7
Weberknechte,7
Werkzeug,7
Westsahara,7
Windkanal,7
Wurst,7
"Wärmepumpe",7
Ziegenproblem,7
"Ötzi",7
1._Jahrhundert,6
1042,6
1154,6
1170,6
1194,6
1256,6
1262,6
1265,6
1270,6
13._Jahrhundert,6
14._Jahrhundert,6
1424,6
1439,6
1440,6
1444,6
1447,6
1448,6
1456,6
1457,6
1469,6
1471,6
1477,6
1490,6
1491,6
1517,6
1522,6
1524,6
1530,6
1537,6
1542,6
1547,6
1551,6
1582,6
1586,6
1587,6
1588,6
1592,6
1603,6
1609,6
1611,6
1624,6
1631,6
1641,6
1645,6
1659,6
1666,6
1687,6
1689,6
1690,6
1694,6
1697,6
1702,6
1713,6
1717,6
1720,6
1727,6
1728,6
1729,6
1734,6
1738,6
1743,6
1748,6
1749,6
1754,6
1765,6
1785,6
1808,6
1993,6
3._Jahrhundert,6
4._Jahrhundert,6
700,6
751,6
Adam_Kraft,6
Akustik,6
Albert_Lortzing,6
Aleister_Crowley,6
Allegorie,6
Amerikanische_Jungferninseln,6
Anchorage,6
Anna_Seghers,6
Antimon,6
Apulien,6
Archimedes,6
Archimedisches_Prinzip,6
Arthur_Schnitzler,6
Augustinus_von_Hippo,6
Bakterien,6
Balkankriege,6
"Barometrische_Höhenformel",6
Bauingenieurwesen,6
Berkelium,6
Beryll,6
Biogas,6
"Birkengewächse",6
Bluetooth,6
Bora_(Wind),6
Brechung_(Physik),6
Bremsen,6
Brettspiel,6
Brom,6
Buch_der_Psalmen,6
"Buchengewächse",6
Bundestagswahlrecht,6
Carnot-Prozess,6
Centurio,6
Charlie_Parker,6
Chick_Corea,6
Claire_Waldoff,6
Clemens_Brentano,6
Codex_Sinaiticus,6
Connecticut,6
D,6
Debian,6
Deutsche_Bundesbahn,6
Diakon,6
Distale_Radiusfraktur,6
Dunkle_Materie,6
Dur,6
"Dänische_Sprache",6
"Département_Alpes-Maritimes",6
Echter_Buchweizen,6
"Echter_Kümmel",6
Eduard_Bernstein,6
"Edvard_Beneš",6
"Eibengewächse",6
Elektromotor,6
Enzkreis,6
"Ernährung_des_Menschen",6
Esperanto,6
European_Article_Number,6
Evangelium_nach_Markus,6
Exponentialfunktion,6
Fennek,6
Ferruccio_Busoni,6
Fibonacci-Folge,6
Fische,6
"Flöhe",6
Frankenwald,6
Friederike_Caroline_Neuber,6
"Fränkisches_Reich",6
Ganymed_(Mond),6
Geist,6
"Gemüsekohl",6
Geographie,6
George_Grosz,6
Geozentrisches_Weltbild,6
Gernika,6
"Geschichte_der_Flugzeugträger",6
Geschichte_der_Raumfahrt,6
Gestein,6
"Gewürzvanille",6
Glarus,6
Gnome,6
Gordian_III.,6
Gregorianischer_Kalender,6
"Grüne_Sauce",6
Guinea,6
H,6
"Hannah_Höch",6
"Hathor_(Ägyptische_Mythologie)",6
Heinrich_Seidel,6
Hellerau,6
Heraklit,6
Heroin,6
Horus,6
Igelkolben,6
Ikosaeder,6
Initiation,6
Inuktitut,6
Islamabad,6
Italienische_Sprache,6
Jainismus,6
Jean-Baptiste_Lully,6
Joe_Zawinul,6
Johann_Friedrich_August_Tischbein,6
John_Coltrane,6
Joseph_von_Fraunhofer,6
Kaiser,6
"Kaiser-Wilhelm-Gesellschaft_zur_Förderung_der_Wissenschaften",6
Kartesisches_Produkt,6
Kaspisches_Meer,6
Kehlkopf,6
Kertsch,6
Kevin_Spacey,6
"Kieferngewächse",6
Kind,6
Kino,6
Kirchentonart,6
Kiwis,6
Kleinasien,6
Klimazone,6
Kohlenstoff,6
Kolibris,6
Komplexe_Zahl,6
Kontrabass,6
"Kopffüßer",6
Korb-Weide,6
Kreuzzug,6
Lakritze,6
Land_Art,6
Landkreis_Bad_Kissingen,6
Landkreis_Donau-Ries,6
Laparoskopische_Chirurgie,6
Latein,6
Louis_Armstrong,6
Louis_Braille,6
Lyrik,6
Marlon_Brando,6
Massage,6
Mathematik,6
Max_Born,6
Mehlbeeren,6
Mendelsche_Regeln,6
Mengenlehre,6
Meteorologie,6
Milben,6
"Militär",6
Nacktsamige_Pflanzen,6
Natriumchlorid,6
Neutronenstern,6
Niki_de_Saint_Phalle,6
Niob,6
"Nürnberger_Prozess_gegen_die_Hauptkriegsverbrecher",6
Odilon_Redon,6
Odysseus,6
Organische_Chemie,6
Otto_Mueller,6
P,6
PISA-Studien,6
Parasitismus,6
Peptidbindung,6
Pergament,6
Phase_Alternating_Line,6
Phidias,6
Physik,6
Pogrom,6
Politische_Partei,6
Propaganda,6
Prostata,6
Provinz_Niederschlesien,6
Purpur-Weide,6
Quentin_Tarantino,6
Rauschen_(Physik),6
Reichsmarschall,6
Reise,6
Republik_Kongo,6
Rhone,6
Robert_F._Kennedy,6
Robin_Wood,6
Rotes_Meer,6
Saat-Hafer,6
Sagres,6
Sandra_Bullock,6
Sankt-Lorenz-Strom,6
Satellitenrundfunk,6
Sauce,6
Science-Fiction,6
See,6
Seenotrettungsboot,6
Sergei_Pawlowitsch_Koroljow,6
Skylab,6
Snelliussches_Brechungsgesetz,6
Sonnenblumen_(Gattung),6
Sonnenenergie,6
Stahlbeton,6
Star_Trek,6
Sternbild,6
Steuerungstechnik,6
Steven_Spielberg,6
"Säbel",6
"Sünde",6
Taekwondo,6
Talk_(Mineral),6
Teleskop,6
Teufel,6
Thomas_Jonathan_Jackson,6
Tilt-und-Shift-Objektiv,6
Transaktionsnummer,6
Treibhauseffekt,6
Unix,6
Vasco_da_Gama,6
Wandertaube,6
Wasserstoffantrieb,6
Wavelet,6
Wechselstrom,6
Weibliche_Brust,6
"Westfälischer_Friede",6
Westliche_Smaragdeidechse,6
"Wiese_(Grünland)",6
Wolga,6
Woody_Allen,6
Zehn_Gebote,6
Zeichentrickfilm,6
Zellkern,6
Zentralafrikanische_Republik,6
Zunge,6
"Zählrohr",6
1002,5
1022,5
1037,5
1097,5
1099,5
1185,5
1189,5
1242,5
1250,5
1259,5
1271,5
1300,5
1311,5
1324,5
1333,5
1402,5
1411,5
1412,5
1418,5
1437,5
1449,5
1452,5
1453,5
1454,5
1464,5
1466,5
1468,5
1472,5
1475,5
1478,5
1483,5
1484,5
1485,5
1487,5
1495,5
1539,5
1607,5
1621,5
1664,5
1679,5
1680,5
1684,5
1699,5
1705,5
1708,5
1710,5
1711,5
1716,5
1718,5
1719,5
1723,5
1724,5
1725,5
1733,5
1735,5
1750,5
1782,5
1823,5
1829,5
1984_(Roman),5
69,5
79,5
Abstrakte_Kunst,5
Acrylamid,5
Advent,5
Albany_(New_York),5
Alberobello,5
Alexander_Fleming,5
Alfred_Hitchcock,5
Alfred_Nobel,5
Analysis,5
Anatomie,5
Anthropologie,5
"Antonín_Dvořák",5
Arabische_Schrift,5
Arabische_Sprache,5
Arbeitsspeicher,5
Architekt,5
Arshile_Gorky,5
Arteriosklerose,5
Asta_Nielsen,5
"Atmosphäre_(Astronomie)",5
AutoCAD,5
Babylon,5
Bamako,5
Bernhard_Grzimek,5
Bertrand_Russell,5
Beryllium,5
Beteigeuze,5
Bewusstsein,5
Bildung,5
Bill_Gates,5
Biotechnologie,5
"Björk",5
Blaise_Pascal,5
Blues,5
Blutgruppe,5
Brauner_Zwerg,5
Bremse,5
Bruce_Willis,5
Buch_Daniel,5
"Bund_für_Umwelt_und_Naturschutz_Deutschland",5
Bundesrat_(Schweiz),5
CD-ROM,5
Carl_Friedrich_Christian_Fasch,5
Cer,5
Chaos_Computer_Club,5
Charles_Babbage,5
Charles_Dickens,5
Chemische_Evolution,5
Cholesterin,5
Codex_Manesse,5
Commodore_128,5
DJ,5
Darmverschluss,5
Der_Spiegel,5
"Der_fliegende_Holländer",5
Deutsches_Alphabet,5
Dezember,5
Digital-Analog-Umsetzer,5
"Diözese",5
Dodekaeder,5
Dracula_(Roman),5
E,5
Eiben,5
Eisberg,5
Ekliptik,5
"Elefantenvögel",5
Elektrolyse,5
Elisa_von_der_Recke,5
"Elsa_Brändström",5
Emil_von_Behring,5
Endlicher_Automat,5
Engerling,5
Entartete_Kunst,5
Enterobakterien,5
Entwicklungsland,5
Epilepsie,5
Erdbeben,5
Eulersche_Formel,5
Europa_(Mythologie),5
Farbfernsehen,5
Fata_Morgana,5
Finanzkrise,5
Ford_Prefect,5
"Franz_Müntefering",5
Frauenbewegung,5
Frisches_Haff,5
Fritz_Walter,5
"Frühe_Neuzeit",5
Fullerene,5
Futurismus,5
Gammastrahlung,5
Genetik,5
Georg_Christoph_Lichtenberg,5
Geosynchrone_Umlaufbahn,5
Gericht,5
Giordano_Bruno,5
Giorgione,5
Godzilla,5
"Großeltern",5
"Großer_Brand_von_London",5
"Grünkern",5
Hades,5
Halbton,5
Hans_Eichel,5
Hans_Fallada,5
Harbin,5
Haschisch,5
Heino,5
Heinrich_der_Seefahrer,5
Hera,5
"Hermann_Köhl",5
Hopfen,5
Horst_Antes,5
Hygrometer,5
Implikation,5
Indium,5
Integrierte_Entwicklungsumgebung,5
Jan_Hus,5
"Jean-François_Pilâtre_de_Rozier",5
Jean_Tinguely,5
Jefferson_Davis,5
Jenny_Lind,5
Jeremia,5
Juan_Gris,5
KDE,5
Kabarett,5
Kalium,5
Kallisto_(Mond),5
Kama_(Fluss),5
Kardiologie,5
Keplersche_Gesetze,5
Kernspaltung,5
Kingmanriff,5
Klaus_Kinski,5
Knoppix,5
"Knöterichgewächse",5
Komoren,5
Koniferen,5
Kornrade,5
Kosmologie,5
"Kuipergürtel",5
Kurt_Schwitters,5
Kyklop,5
LSD,5
Landkreis_Schweinfurt,5
Landkreis_Starnberg,5
Landkreis_Waldeck-Frankenberg,5
Larve,5
Lauch,5
Lotosblumen,5
Mario_Adorf,5
Masturbation,5
Merowinger,5
Methan,5
Mimese,5
Mistral_(Wind),5
Mitochondrium,5
Molfetta,5
Montserrat,5
Mutation,5
"Münchner_Abkommen",5
Naab,5
Nandu,5
Neutrino,5
Nordische_Mythologie,5
Nostradamus,5
Odenwaldkreis,5
Operette,5
Ortszeit,5
Otto_Schily,5
Oxide,5
Pazifischer_Ozean,5
Peggy_Guggenheim,5
Penicilline,5
Peptid,5
"Pfeffergewächse",5
Pferdekopfnebel,5
Philosophie_der_Antike,5
Plansprache,5
Plasmid,5
Platanen,5
Plutonium,5
Politische_Parteien_in_Deutschland,5
Prachteiderente,5
Priester,5
Privatrecht,5
Protisten,5
PureBasic,5
Quipu,5
Radom,5
"Ragnarök",5
Regierung,5
Rems-Murr-Kreis,5
"René_Magritte",5
Repeater,5
Retroviren,5
"Rita_Süssmuth",5
Robert_Baden-Powell,5
Robert_Musil,5
Roland_Freisler,5
Rudolf_Scharping,5
"Rüppurr",5
Safran,5
Schall,5
Schnabeltier,5
Schriftrollen_vom_Toten_Meer,5
Sedimente_und_Sedimentgesteine,5
"Seifenbaumgewächse",5
Siddhartha_Gautama,5
Smilodon,5
Spektrallinie,5
"Spezielle_Relativitätstheorie",5
Sputnik,5
Steinzeit,5
Stephen_Hawking,5
Tabak_(Gattung),5
Tag_der_Deutschen_Einheit,5
Taliban,5
Tangens_und_Kotangens,5
"Tannhäuser_und_der_Sängerkrieg_auf_Wartburg",5
Taublatt,5
Tempel_der_Artemis_in_Ephesos,5
Tendzin_Gyatsho,5
Terry_Pratchett,5
Thermodynamik,5
Thermometer,5
Thymiane,5
Titania_(Mond),5
Tom_Hanks,5
Tony_Blair,5
Trauer,5
"Türme_von_Hanoi",5
Unterfranken,5
Varanasi,5
Vendelzeit,5
Vercingetorix,5
Verkehr,5
"Virtuelle_Realität",5
Vulcanus,5
Weimarer_Verfassung,5
"Weißer_Zwerg",5
Wermutkraut,5
Wetteraukreis,5
Wilhelm_Herschel,5
Wolf_Vostell,5
X86-Prozessor,5
Xbox,5
Zell_im_Odenwald,5
Zeus,5
Zink,5
Zinn,5
"Äquinoktium",5
"Ölmühle",5
1/f-Rauschen,4
1012,4
1018,4
1025,4
1030,4
1053,4
1072,4
1077,4
1100,4
1102,4
1106,4
1115,4
1119,4
1120,4
1130,4
1160,4
1187,4
1190,4
1191,4
1199,4
1203,4
1212,4
1217,4
1223,4
1229,4
1235,4
1252,4
1257,4
1263,4
1268,4
1274,4
1298,4
1299,4
1301,4
1313,4
1314,4
1315,4
1330,4
1338,4
1346,4
1367,4
1375,4
1397,4
1403,4
1405,4
1407,4
1408,4
1410,4
1414,4
1420,4
1421,4
1422,4
1423,4
1434,4
1435,4
1438,4
1442,4
1443,4
1462,4
1467,4
1474,4
1476,4
1480,4
1481,4
1488,4
1489,4
1526,4
1533,4
1613,4
1693,4
1698,4
1704,4
1706,4
1714,4
1721,4
1722,4
1739,4
1753,4
1773,4
1910er,4
715,4
717,4
801,4
814,4
900,4
912,4
967,4
Abstrakte_Malerei,4
Accelerated_Graphics_Port,4
Adventskranz,4
Afroasiatische_Sprachen,4
Alessandro_Volta,4
Alexander_Graham_Bell,4
Alexander_Hamilton,4
Algorithmus,4
Allergie,4
Almandin,4
Alphastrahlung,4
Amur,4
"André-Marie_Ampère",4
"André_Gide",4
Antidiuretisches_Hormon,4
"Antikörper",4
Aorta,4
Apostelgeschichte_des_Lukas,4
Archaeen,4
Ares,4
Ariel_Scharon,4
Art_(Biologie),4
Arzt,4
Ashmore-_und_Cartierinseln,4
Asowsches_Meer,4
Astronomie,4
Atari_ST,4
Atlantischer_Ozean,4
Aurelian,4
Autismus,4
Bambara-Erdnuss,4
Bantusprachen,4
Barium,4
Basilikum,4
Baudouin_(Belgien),4
Bebop,4
Bekennende_Kirche,4
"Benoît_Mandelbrot",4
Berner_Oberland,4
Bertha_Benz,4
Bijektive_Funktion,4
Billy_Wilder,4
Biochemie,4
Biologische_Waffe,4
Bischof,4
Blas,4
Blasinstrument,4
Blasonierung,4
Blaue_Blume,4
Briefumschlag,4
Buch_Ester,4
Buddy_Holly,4
Bulgarische_Sprache,4
Carl_Friedrich_von_Siemens,4
Cascading_Style_Sheets,4
Catherine_Deneuve,4
Cha-Cha-Cha,4
Charles_Lindbergh,4
Charlotte_Corday,4
Clipperton-Insel,4
Commodus,4
Curium,4
Dave_Brubeck,4
David_Hume,4
Dekadenz,4
Denguefieber,4
Deuterium,4
"Deutsches_Institut_für_Normung",4
Dezimalsystem,4
Die_Abenteuer_des_Huckleberry_Finn,4
Die_Welt,4
Digital_Imaging_and_Communications_in_Medicine,4
Digitale_Signalverarbeitung,4
Dinkel,4
E-Mail,4
Ehe,4
Einsteinium,4
Elektrodynamik,4
Elektromagnetische_Welle,4
Elektronenkonfiguration,4
Empedokles,4
Enrico_Fermi,4
Entropie_(Informationstheorie),4
Erdkruste,4
Eremitage,4
Erich_Heckel,4
Ernest_Rutherford,4
"Erwin_Schrödinger",4
Erzamt,4
Europium,4
"Faradayscher_Käfig",4
Fastenzeit,4
Februar,4
Federalist_Papers,4
Feldbus,4
Fessan,4
Finite-Elemente-Methode,4
Finnische_Sprache,4
Flansch_(Rohrleitung),4
Frankfurter_Allgemeine_Zeitung,4
Franziskanische_Orden,4
Free_Jazz,4
Freiheitsgrad,4
Friedrich_Wilhelm_Murnau,4
Fritz_Kuhn,4
"Fuß_(Einheit)",4
"Gabelblattgewächse",4
Galileische_Monde,4
Galvanische_Zelle,4
"Gedächtnis",4
Gentechnik,4
Georges-Louis_Leclerc_de_Buffon,4
Georges_Braque,4
GfK_(Unternehmen),4
Gioachino_Rossini,4
Glorious_Revolution,4
Gnus,4
Gottlob_Frege,4
"Große_Seen",4
Grunge,4
Gustave_Eiffel,4
Hafnium,4
Hannes_Wader,4
Heinrich_Albertz,4
Helmbohne,4
Hesychasmus,4
Hirse,4
Histologie,4
Hochbau,4
Homer,4
Hornblatt,4
Hudson_River,4
"Hängende_Gärten_der_Semiramis",4
"Hülsenfrüchtler",4
Indischer_Ozean,4
Indus,4
Infektionskrankheit,4
"Injektivität",4
Internationale_Fernmeldeunion,4
Internierungslager,4
"Ivo_Andrić",4
James_Dean,4
Jodie_Foster,4
Johannes_Reuchlin,4
John_Horton_Conway,4
Jungferninseln,4
"Jürgen_Habermas",4
Kabelfernsehen,4
Kapitalismus,4
Karzinogen,4
Kassandra_(Mythologie),4
Kletterpflanze,4
Klingonische_Sprache,4
Klonen,4
Kohte,4
Konjunktion_(Astronomie),4
Krieg_und_Frieden,4
Kroatische_Sprache,4
Kunstgeschichte,4
Lake_Champlain,4
Landkreis_Cham,4
Landsgemeinde,4
Lauren_Bacall,4
Leber,4
Leonardo_DiCaprio,4
Lernen,4
Letter,4
"Leuchtkäfer",4
"Liliengewächse",4
Lilongwe,4
Lion_Feuchtwanger,4
Lithiumcarbonat,4
Lomografie,4
Longitudinalwelle,4
Lunge,4
M._C._Escher,4
Magnesium,4
Mandschurei,4
Marine,4
Markt,4
Maschinenbau,4
Mauna_Kea,4
Maxglan,4
Melodram_(Theater),4
Meryl_Streep,4
Mesozoikum,4
Metastase,4
Michigansee,4
Micky_Maus,4
Microsoft_Windows_95,4
Mikrocontroller,4
Minamata,4
Mobilfunk,4
Motor,4
Multiplikation,4
Musical,4
Muskelspindel,4
"März",4
Nachschlagewerk,4
Naturpark_Barnim,4
Navassa,4
Neodym,4
Oberon_(Mond),4
Obst,4
Odyssee,4
Oktaeder,4
Optik,4
Oscar,4
Oskar_Kokoschka,4
Ostern,4
Otto_Dix,4
Otto_Suhr,4
Pamir_(Gebirge),4
Pentatonik,4
Petersilie,4
"Pflanzenöle",4
Pfund,4
Pharo,4
Polarstern,4
Portable_Network_Graphics,4
Punk_(Musik),4
Quadriga,4
Querruder,4
Radiokarbonmethode,4
Radioteleskop,4
Ragtime,4
Rassismus,4
Raumpatrouille,4
Republik,4
Rhein-Lahn-Kreis,4
Richard_Buckminster_Fuller,4
Richard_Feynman,4
Robert_Goddard,4
Router,4
Rudolf_Augstein,4
Ruppiner_Land,4
Ruthenium,4
"Rückkopplung",4
S._Fischer_Verlag,4
Salden,4
Samuel_Fischer_(Verleger),4
"Sauerkleegewächse",4
Schimon_Peres,4
Schistosomiasis,4
Schnittlauch,4
Schule,4
Schutzstaffel,4
Schwanenblume,4
Schwarzpulver,4
Schwedische_Sprache,4
Selektion_(Evolution),4
Senegal_(Fluss),4
Siebenstern,4
Skandinavische_Halbinsel,4
"Skarabäus",4
Sophia_Loren,4
Sowjetische_Besatzungszone,4
Spargelbohne,4
Spider-Man,4
Stammbaum,4
"Standardtänze",4
Starke_Wechselwirkung,4
Streichinstrument,4
Strontium,4
Sueben,4
Sufismus,4
Sulfide,4
"Surjektivität",4
Surrealismus,4
Syllogismus,4
Sylvester_Stallone,4
"Säbelzahnkatzen",4
Talmud,4
Tetrahydrocannabinol,4
The_Cure,4
Tod,4
Trappisten,4
Traum,4
Trigonometrische_Funktion,4
"Türkische_Sprache",4
UNESCO,4
Umgekehrte_Polnische_Notation,4
Umlaut,4
Unternehmen,4
Vatikanische_Apostolische_Bibliothek,4
Vene,4
Vergil,4
Victor_Vasarely,4
Wahrzeichen,4
Waldenser,4
Wassersterne,4
Wasserstoffverbrennungsmotor,4
Wassily_Kandinsky,4
Weltgesundheitsorganisation,4
Weltwunder,4
Westdeutsche_Studentenbewegung_der_1960er_Jahre,4
Wilhelm_Morgner,4
Wilhelm_Schickard,4
Wissen,4
Wolfgang_Thierse,4
World_Wide_Web,4
"Wärmestrahlung",4
Yacht,4
"Yamswurzelgewächse",4
Yggdrasil,4
Zelle_(Biologie),4
Zink_(Musik),4
Zirconium,4
Zirkon,4
"Äquator",4
"Ärmelkanal",4
"Überwachungskamera",4
(50000)_Quaoar,3
1005,3
1006,3
1014,3
1015,3
1021,3
1024,3
1035,3
1044,3
1047,3
1054,3
1060,3
1062,3
1074,3
1079,3
1080,3
1084,3
1085,3
1086,3
1094,3
1098,3
1101,3
1107,3
1111,3
1112,3
1123,3
1135,3
1144,3
1150,3
1153,3
1155,3
1158,3
1180,3
1186,3
1188,3
1197,3
1198,3
1201,3
1204,3
1210,3
1213,3
1216,3
1225,3
1230,3
1232,3
1239,3
1244,3
1247,3
1249,3
1253,3
1255,3
1258,3
1261,3
1273,3
1280,3
1282,3
1287,3
1291,3
1294,3
1295,3
1297,3
1303,3
1304,3
1306,3
1307,3
1312,3
1316,3
1321,3
1322,3
1325,3
1334,3
1335,3
1339,3
1342,3
1345,3
1347,3
1350,3
1352,3
1356,3
1358,3
1362,3
1368,3
1378,3
1383,3
1386,3
1390,3
1392,3
1401,3
1404,3
1409,3
1417,3
1431,3
1433,3
1436,3
1441,3
1446,3
1451,3
1458,3
1460,3
1461,3
1465,3
1473,3
1479,3
1696,3
1709,3
1737,3
1752,3
270,3
325,3
354,3
455,3
565,3
7._Jahrhundert,3
713,3
735,3
737,3
739,3
742,3
755,3
756,3
802,3
805,3
806,3
810,3
828,3
831,3
840,3
848,3
876,3
910,3
911,3
920,3
921,3
922,3
946,3
950,3
960,3
962,3
970,3
972,3
991,3
993,3
994,3
997,3
999,3
AbiWord,3
Absorption_(Physik),3
Abt,3
"Achsenmächte",3
Actinium,3
Aeneas,3
Afrikanische_Sprachen,3
Akkadische_Sprache,3
Akustikkoppler,3
Al-Biruni,3
Albert_Bassermann,3
Albessen,3
Algenfarne,3
Alicia_Silverstone,3
Allerheiligen,3
"Altersbestimmung_(Archäologie)",3
Altes_Reich,3
Altgriechische_Sprache,3
Altkirchenslawische_Sprache,3
Ampere,3
Amtliches_Verzeichnis_der_Ortsnetzkennzahlen,3
Amulett,3
Analytical_Engine,3
Anaximander,3
Angela_Davis,3
Anglikanische_Gemeinschaft,3
"Anna_von_Dänemark_(1532–1585)",3
Anwendungssoftware,3
Apoptose,3
Arabisches_Alphabet,3
Arbeit_(Physik),3
Arbeitsmarkt,3
Arianismus,3
Arteria_carotis_communis,3
Asklepios,3
Aszites,3
At-Zeichen,3
August,3
Austria,3
Automatisierungstechnik,3
"Außenbandruptur_des_oberen_Sprunggelenkes",3
Ayn_Rand,3
BIOS,3
Balthus,3
Baltikum,3
Bandkeramische_Kultur,3
Baritonsaxophon,3
Barrel,3
Bassas_da_India,3
Batman,3
Bauhaus-Archiv,3
Baumeister,3
"Benno_von_Meißen",3
Betablocker,3
Biopsie,3
"Blutgefäß",3
"Bohnenkräuter",3
Brasilianischer_Pfefferbaum,3
Brennstoff,3
Brian_Eno,3
Brindisi,3
Buch_Josua,3
"Buch_der_Sprichwörter",3
"Bundespräsident_(Schweiz)",3
"Bundesstaat_(Föderaler_Staat)",3
Bundestagswahl_2002,3
CATIA,3
Carl_Barks,3
Carl_Heinrich_von_Siemens,3
Carl_Sagan,3
Chemiker,3
Chinesische_Sprachen,3
Christiaan_Huygens,3
Christopher_Isherwood,3
Claude_Lelouch,3
Clemens_Winkler,3
Clint_Eastwood,3
Clyde_Tombaugh,3
"Conrad_Felixmüller",3
"Cosimo_de’_Medici",3
Daniel_Gabriel_Fahrenheit,3
Datenkompression,3
David_Wark_Griffith,3
Depression,3
Digitalfotografie,3
Dinar,3
Domain_Name_System,3
Domitian,3
Dschalalabad,3
"Département_Doubs",3
Ebolafieber,3
Edelgard_Bulmahn,3
Eiderenten,3
Einkorn,3
Eintagsfliegen,3
Eispickel,3
Elisabeth_Rethberg,3
Emmy_Noether,3
Endemit,3
Ennio_Morricone,3
"Ernst_Ulrich_von_Weizsäcker",3
Eukaryoten,3
Euklidischer_Algorithmus,3
Eulerkreisproblem,3
Evangelisch-lutherische_Kirchen,3
Evangelium_nach_Lukas,3
Experiment,3
Federal_Reserve_System,3
Feldschlange,3
Feng_Shui,3
Ferdinand_Braun,3
Fette,3
Fieber,3
Fields-Medaille,3
File_Transfer_Protocol,3
Fra_Angelico,3
Francis_Ford_Coppola,3
Frank_Capra,3
Frank_Stella,3
Fraunhofer-Gesellschaft,3
FreeBSD,3
Frequenzmodulation,3
Freya,3
Friederike_Brion,3
Friedrich_Luft,3
Friedrich_Siemens,3
Friesische_Sprachen,3
"GNU-Lizenz_für_freie_Dokumentation",3
GNU_Compiler_Collection,3
"Gabriele_Münter",3
Gallien,3
Gas,3
Gasplanet,3
"Gebrüder_Montgolfier",3
"Gemeinschaft_Unabhängiger_Staaten",3
General_Packet_Radio_Service,3
Geodreieck,3
Geologie,3
Georg_Baselitz,3
"Georg_Büchmann",3
Georg_von_Siemens,3
George_Orwell,3
Georgius_Agricola,3
Germanium,3
Gerrymandering,3
Geschwindigkeit,3
Gewaltenteilung,3
Gilgamesch-Epos,3
Giuseppe_Peano,3
Gladius_(Waffe),3
Glucagon,3
Grafik,3
Graphentheorie,3
"Großbritannien_(Insel)",3
"Großkreis",3
Grundton,3
"Gründerzeit",3
Halma,3
Hammurapi_I._(Babylon),3
"Hans_Christian_Ørsted",3
Hans_Sachs,3
Hartweizen,3
Harz_(Material),3
Helena_(Mythologie),3
"Henri_Poincaré",3
Henry_Cavendish,3
Hip-Hop,3
Hormon,3
Hugo_Sinzheimer,3
Hyperlink,3
"Hölloch",3
Infinitesimalrechnung,3
Interferenzfilter,3
Internationale_Standardbuchnummer,3
"Internationaler_Währungsfonds",3
Irtysch,3
Isaac_Asimov,3
Isabel_Allende,3
"Israelisch-Palästinensischer_Konflikt",3
Jacques_Chirac,3
James_Cameron,3
Januar,3
"Jean-François_Champollion",3
Jean_Paul_Marat,3
Jelly_Roll_Morton,3
Jesaja,3
Johann_Albrecht_Bengel,3
Johann_Christoph_Adelung,3
Johann_Gottfried_Galle,3
Johannes_Heinrich_Schultz,3
Jorge_Luis_Borges,3
Josef_Kentenich,3
Joseph-Marie_Jacquard,3
Joseph_Conrad,3
Joseph_McCarthy,3
Jules_Rimet,3
Juli,3
Julia_Roberts,3
Julie_Wolfthorn,3
Juni,3
Juni_2002,3
"János_Bolyai",3
"Jürgen_Trittin",3
"Kakteengewächse",3
Kalifornischer_Goldrausch,3
Kanzlerkandidat,3
Kapital,3
Karibik,3
Karl_Popper,3
Karl_Richard_Lepsius,3
Kaschubische_Sprache,3
"Kastilien_und_León",3
Kate_Winslet,3
Kattegat,3
Kavitation,3
Kindertag,3
Kinetische_Energie,3
"Klaus_Schütz",3
Klima,3
Kochen,3
Kohlrabi,3
Konstantin_von_Tischendorf,3
Konzentrationslager_(historischer_Begriff),3
Konzern,3
Korbacher_Spalte,3
Kreisfreie_Stadt,3
Kreuzprodukt,3
Kriton,3
Krypton,3
LaTeX,3
Laizismus,3
Lateinisches_Alphabet,3
Lea_Grundig,3
Leberzirrhose,3
Levi_Strauss,3
Lineare_Abbildung,3
Linse_(Botanik),3
Lionel_Jospin,3
Liste_griechischer_Inseln,3
Liste_von_Erfindern,3
Louise_Aston,3
Ludovico_Ariosto,3
Luftfahrzeug,3
Lutetium,3
MS-DOS,3
Magmatisches_Gestein,3
Majoran,3
Mammographie,3
"Manichäismus",3
Manpage,3
Margaret_Mitchell,3
Margarethe_von_Trotta,3
Maria_Cebotari,3
Marke_(Recht),3
Mary_Pickford,3
Masowien,3
Masuren,3
Materie_(Physik),3
Meer,3
Megalithkultur,3
Mehrheit,3
Mel_Gibson,3
Melitta_Otto-Alvsleben,3
Message-Digest_Algorithm_5,3
Meteor,3
Metrisches_Einheitensystem,3
Michael_Douglas,3
Mick_Jagger,3
Microsoft_Windows_XP,3
Milcherzeugnis,3
Moiren,3
Monokel,3
"Motala_ström",3
Mungbohne,3
Mutterkorn,3
"Münzen_des_Mittelalters",3
Natriumnitrat,3
Neon,3
Neville_Chamberlain,3
Niederschlag,3
Nikolaus_Krell,3
Nipkow-Scheibe,3
"Nixenkräuter",3
Noam_Chomsky,3
Nomenklatur_(Chemie),3
Nordfriesische_Inseln,3
Nullmeridian,3
Nusseiben,3
Oberer_See,3
Offenbarung_des_Johannes,3
Ohmsches_Gesetz,3
Ohr-Weide,3
Oktober,3
Ole_von_Beust,3
"Olga_Körner",3
One-Time-Pad,3
Oortsche_Wolke,3
Orakel,3
"Organisation_erdölexportierender_Länder",3
Orhan_Pamuk,3
Osmium,3
Ozon,3
Ozonschicht,3
"Paläontologie",3
Papageien,3
Paradoxon,3
Paris_(Mythologie),3
Pascalsches_Dreieck,3
Peleus,3
Perpetuum_mobile,3
Peter_Altenberg,3
Peter_Henlein,3
Peter_Sellers,3
Pfarrer,3
Pfeilschwanzkrebse,3
Pilsner_Bier,3
Platin,3
Pol_Pot,3
Politisches_Spektrum,3
Polnische_Sprache,3
Praseodym,3
Primzahl,3
Promethium,3
Proteinbiosynthese,3
Pulp_Fiction,3
Puls,3
Pulsar,3
"Pärchenegel",3
Quagga,3
Quantenchromodynamik,3
Rainer_Werner_Fassbinder,3
Ramsee,3
Raumschiff,3
Raumschiff_Enterprise,3
Raumzeit,3
Redoxreaktion,3
Regierungsbezirk_Freiburg,3
Rhenium,3
Rigveda,3
Robert_De_Niro,3
Romanische_Sprachen,3
"Römischer_Kalender",3
Sakrament,3
Saljut,3
Satanismus,3
Satz_von_Bayes,3
Sauerteig,3
Schelfeis,3
Schrift,3
"Schrödingers_Katze",3
Schwefeldioxid,3
Sehnerv,3
Selene,3
Sellerie,3
Semitische_Sprachen,3
"Sexualität_des_Menschen",3
Sklaverei,3
Slackware,3
"Sophie_von_Brandenburg_(1568–1622)",3
Spannbaum,3
Spektralfarbe,3
Spektroskopie,3
Spieltheorie,3
Spitzbergen_(Insel),3
"Stabilität",3
Stadtrecht,3
"Stahlhelm,_Bund_der_Frontsoldaten",3
Stalaktit,3
Statistik,3
"Stehaufmännchen",3
Stern_von_Vergina,3
Straucherbse,3
Suchmaschine,3
Sundance_Film_Festival,3
Superkontinent,3
Superman,3
Surfbrett,3
Tamanrasset,3
Tantal,3
Temperatur,3
Terry_Gilliam,3
Testosteron,3
Thales,3
Therese_Malten,3
Theseus,3
Thot,3
Thrombus,3
Tibesti,3
Tom_Jones,3
Tonminerale,3
Tora,3
Tritium,3
Trojaner_(Astronomie),3
"Troposphäre",3
US-amerikanischer_Film,3
Ukrainische_Sprache,3
Ultraschall,3
Umlaufbahn,3
Umlaufmotor,3
Umschaltsperre,3
Unicode,3
Unterschneidung_(Typografie),3
Urknall,3
Ute_Vogt,3
Vase,3
Vaterunser,3
Verwandtschaftsbeziehung,3
Vespasian,3
Viereck,3
Viktor_Kaplan,3
Virtuelle_Maschine,3
Vitellius,3
Vitruv,3
Vorsokratiker,3
Wagenburg,3
Walhall,3
Walrat,3
Wandervogel,3
"Weißes_Meer",3
"Weißes_Rauschen",3
Welt,3
Werner_Eberlein,3
Werner_Herzog,3
Wetter,3
Wicca,3
Wilhelm_Adolf_Lette,3
Wilhelm_von_Ockham,3
William_Faulkner,3
Wolfgang_Pauli,3
Xenon,3
Zahl,3
Zeit,3
Zellteilung,3
"Zellulärer_Automat",3
Zungenbein,3
Zwei-plus-Vier-Vertrag,3
"Äquivalenzrelation",3
"Ätherische_Öle",3
"Öffentlich-private_Partnerschaft",3
"Überwachung",3
1003,2
1004,2
1007,2
1009,2
1011,2
1013,2
1016,2
1020,2
1023,2
1027,2
1028,2
1031,2
1032,2
1033,2
1036,2
1038,2
1039,2
1040,2
1041,2
1043,2
1045,2
1046,2
1049,2
1050,2
1051,2
1055,2
1056,2
1058,2
1061,2
1063,2
1064,2
1065,2
1066,2
1067,2
1069,2
1070,2
1073,2
1075,2
1078,2
1082,2
1083,2
1087,2
1088,2
1089,2
1090,2
1091,2
1093,2
1095,2
1096,2
1103,2
1104,2
1105,2
1108,2
1109,2
1114,2
1116,2
1118,2
1121,2
1122,2
1125,2
1126,2
1127,2
1128,2
1129,2
1134,2
1136,2
1138,2
1140,2
1141,2
1143,2
1145,2
1147,2
1148,2
1149,2
1156,2
1157,2
1162,2
1165,2
1166,2
1167,2
1172,2
1174,2
1176,2
1178,2
1181,2
1182,2
1183,2
1192,2
1193,2
1196,2
1200,2
1202,2
1205,2
1206,2
1207,2
1208,2
1209,2
1211,2
1215,2
1218,2
1219,2
1220,2
1221,2
1222,2
1224,2
1226,2
1227,2
1228,2
1233,2
1234,2
1236,2
1237,2
1238,2
1240,2
1243,2
1245,2
1246,2
1248,2
1251,2
1254,2
1264,2
1266,2
1269,2
1272,2
1275,2
1276,2
1278,2
1279,2
1281,2
1283,2
1284,2
1289,2
1302,2
1305,2
1308,2
1309,2
1317,2
1320,2
1323,2
1326,2
1327,2
1328,2
1329,2
1331,2
1336,2
1341,2
1343,2
1344,2
1348,2
1349,2
1351,2
1353,2
1354,2
1357,2
1359,2
1360,2
1361,2
1363,2
1364,2
1365,2
1369,2
1370,2
1371,2
1373,2
1379,2
1380,2
1384,2
1385,2
1389,2
1393,2
1394,2
1395,2
1396,2
1399,2
1400,2
1406,2
1413,2
1416,2
1428,2
1432,2
1445,2
1463,2
1707,2
1756,2
18._Jahrhundert,2
1890er,2
1900er,2
1940er,2
2._Jahrhundert,2
2._Jahrtausend_v._Chr.,2
21._Jahrhundert,2
275,2
33,2
357,2
359,2
37,2
395,2
397,2
705,2
707,2
708,2
711,2
712,2
714,2
716,2
718,2
719,2
721,2
724,2
727,2
731,2
736,2
740,2
741,2
745,2
747,2
748,2
757,2
759,2
777,2
795,2
800,2
804,2
807,2
808,2
809,2
81,2
811,2
813,2
816,2
822,2
827,2
833,2
838,2
839,2
841,2
842,2
843,2
844,2
846,2
847,2
850,2
851,2
852,2
857,2
858,2
862,2
867,2
868,2
871,2
873,2
875,2
878,2
880,2
896,2
899,2
901,2
904,2
906,2
907,2
909,2
914,2
915,2
917,2
924,2
930,2
932,2
936,2
937,2
938,2
942,2
945,2
949,2
954,2
958,2
959,2
961,2
963,2
964,2
965,2
966,2
969,2
974,2
98,2
996,2
998,2
ASCII-Art,2
"Abkürzungen/Gesetze_und_Recht",2
Actinoide,2
Actionfilm,2
Adenosintriphosphat,2
Adolf_Rettelbusch,2
Aemilianus_(Kaiser),2
Aerophon,2
Agatha_Christie,2
Aioli,2
"Aki_Kaurismäki",2
Akrostichon,2
Aktualismus_(Geologie),2
Al_Pacino,2
Alan_Cox,2
Albedo,2
Alexander_Michailowitsch_Rodtschenko,2
Algebra,2
Alkaloide,2
Allergen,2
Allerseelen,2
Allgemeiner_Deutscher_Tanzlehrerverband,2
Alphabet,2
Altsaxophon,2
Altweibersommer,2
Ambra,2
Anders_Celsius,2
Andreas,2
Andreas_Vesalius,2
Androide,2
Antibiotikum,2
Antoni_van_Leeuwenhoek,2
Apologie_(Platon),2
April,2
Arbeitsrecht_(Deutschland),2
Arcadius,2
Aristophanes,2
Arterie,2
Arthur_Harris,2
"Arvo_Pärt",2
Ascus,2
Asparagoideae,2
Asselspinnen,2
Atmung,2
Atropin,2
Augenbohne,2
Autotrophie,2
Auxiliartruppen,2
BRD,2
Bambara,2
Baryon,2
Bata_Illic,2
BeOS,2
Beda_Venerabilis,2
Beduinen,2
"Beifuß",2
Bengalische_Sprache,2
Bernardo_Bertolucci,2
Bernhard_Heisig,2
Betastrahlung,2
"Bevölkerung",2
Bildhauerei,2
Billy_Bob_Thornton,2
Biografie,2
Biometrie,2
Blade_Runner,2
Blauer_Riese,2
Botanik,2
"Brachsenkräuter",2
Brennus_(4._Jahrhundert_v._Chr.),2
Bruttonationaleinkommen,2
"Bröhan-Museum",2
Buch_der_Richter,2
"Bundesbeauftragter_für_die_Stasi-Unterlagen",2
Bundesfinanzhof,2
Bundesregierung_(Deutschland),2
"Bundesvereinigung_der_Deutschen_Arbeitgeberverbände",2
"Bärlapppflanzen",2
"Bürgerliches_Gesetzbuch",2
"Bürgermeister",2
CAD,2
Cadmium,2
Calcium,2
Californium,2
Carl_Wilhelm_Siemens,2
Castor_(Kerntechnik),2
Chalkogene,2
Charles_Messier,2
Charles_Mingus,2
Chemotherapie,2
Christoph_Hartknoch,2
Claire_Danes,2
Clavinet,2
Cyanwasserstoff,2
"C’t",2
DR_877,2
Dashiell_Hammett,2
David_Cronenberg,2
Demokrit,2
Dennis_Hopper,2
Der_Krieg_der_Welten,2
Dickdarm,2
Die_Fledermaus,2
Discounter,2
Disjunktion,2
Document_Object_Model,2
Dollar,2
Dorferneuerung,2
Douglas_Adams,2
Drachenviereck,2
Dreiecksungleichung,2
"Département_Var",2
"Einlagefazilität",2
"El_Niño",2
Elektrischer_Strom,2
"Elektrizitätsversorgungsunternehmen",2
Elektronische_Signatur,2
Elektronisches_Musikinstrument,2
Emacs,2
Emmer_(Getreide),2
Emulator,2
Endosymbiontentheorie,2
Enklave,2
Epaulette,2
Epithel,2
Ergolz,2
Ergotismus,2
Ernst_Didring,2
"Eugène_Atget",2
Euklid,2
"Europäische_Gemeinschaft_für_Kohle_und_Stahl",2
Eva_Schulze-Knabe,2
"Evangelium_nach_Matthäus",2
Evolution_(Systemtheorie),2
Farad,2
Faschismus,2
Ferdinand_de_Saussure,2
Fermi-Dirac-Statistik,2
Fernsehnorm,2
Filzlaus,2
Fledertiere,2
"Flügelhorn",2
Fourier-Analysis,2
Francis_Bacon_(Maler),2
Frauenrechte,2
FreeDOS,2
Fritz_Lang,2
Funny_van_Dannen,2
Fuzzylogik,2
"Füllinsdorf",2
G._K._Chesterton,2
Gadolinium,2
Galaxiengruppen_und_Galaxienhaufen,2
Galba,2
Galenos,2
Galeon,2
Galle,2
"Gemüse",2
Gen,2
Gene_Roddenberry,2
General_Electric,2
Generalversammlung_der_Vereinten_Nationen,2
Generation_X_(Roman),2
Geologische_Zeitskala,2
Georg_Cantor,2
Georg_Hermann,2
Georg_Scheutz,2
George_Boole,2
"Georges_Méliès",2
Germania_(Tacitus),2
Geschichte,2
Gewerkschaft,2
Giacomo_Balla,2
Giorgio_Vasari,2
Gladiatoren,2
Glaube,2
Glycerin,2
Goabohne,2
Goldbachsche_Vermutung,2
Goldene_Himbeere,2
Gottesdienst,2
Grad_(Graphentheorie),2
Graphem,2
"Große_Koalition",2
Grundrechenart,2
"Grönländische_Sprache",2
Guy_Ritchie,2
Gwyneth_Paltrow,2
Gzip,2
H._G._Wells,2
Hans_Bethe,2
Hans_Geiger_(Physiker),2
Hansestadt,2
Harappa,2
"Hartriegelgewächse",2
Heather_Nova,2
Heinrich_IV._(Schlesien),2
Hermann_Weyl,2
Hermetic_Order_of_the_Golden_Dawn,2
"Herta_Däubler-Gmelin",2
Hertz_(Einheit),2
Hesiod,2
Hestia,2
Hiram_Maxim,2
Hoheslied,2
Hornmoose,2
Humphrey_Bogart,2
Humpolec,2
Hyperinflation,2
"Höhere_Säugetiere",2
ICQ,2
IP-Adresse,2
Ideales_Gas,2
Impressionismus,2
Infarkt,2
Influenza,2
Information,2
Ingenieur,2
Intelligenzquotient,2
Internationales_Einheitensystem,2
Internet_Relay_Chat,2
Intervall_(Musik),2
"Intravenös",2
Ionisierende_Strahlung,2
Irene_Abendroth,2
Irene_von_Chavanne,2
Ischim_(Fluss),2
Italowestern,2
Jack_Nicholson,2
James_Gandolfini,2
James_Hutton,2
Jan_Hendrik_Oort,2
Java_(Programmiersprache),2
Jean-Louis_Barrault,2
Jean-Luc_Godard,2
"Jean_Bernard_Léon_Foucault",2
Jeanne_Berta_Semmig,2
"Jenny_Bürde-Ney",2
Jim_Jarmusch,2
Joachim_Neander,2
Johannes_Kuhlo,2
John_Forbes_Nash_Jr.,2
John_Ford,2
John_Napier,2
John_Wyclif,2
John_von_Neumann,2
Jolle,2
Josef_Albers,2
Josua,2
"Jürgen_Möllemann",2
Kalender,2
Kaliumcarbonat,2
Kalmus_(Gattung),2
Kamera,2
Kanone,2
Kapitalmarkt,2
Karavelle,2
Karel_Appel,2
Karl_Kautsky,2
Karolinger,2
"Kausalität",2
Kernfusion,2
Kevin_Costner,2
Kilogramm,2
Kim_Peek,2
Kirchenjahr,2
Kirk_Douglas,2
Klagelieder_Jeremias,2
Kofi_Annan,2
Kommandozeileninterpreter,2
Kondensor,2
Kongruenzsatz,2
Kraftfahrzeug,2
Krankheit,2
Kronos,2
Kumys,2
"Kurt_Gödel",2
"Körperflüssigkeit",2
Lars_von_Trier,2
Laurent_Gbagbo,2
Lauri_Ingman,2
Lebensmittel,2
Leonardo_Fibonacci,2
Leonidas_I.,2
Leoniden,2
"Leukämie",2
Lexikon,2
Liane_Berkowitz,2
Liedermacher,2
Lieferkette,2
Linda_Hamilton,2
Liste_der_Nutzpflanzen,2
"Liste_der_Städte_und_Gemeinden_in_Baden-Württemberg",2
"Liste_der_Städte_und_Gemeinden_in_Mecklenburg-Vorpommern",2
"Liste_der_Städte_und_Gemeinden_in_Nordrhein-Westfalen",2
"Liste_von_Kanälen",2
Lithiumbromid,2
Luft,2
Luigi_Galvani,2
Lyman_Frank_Baum,2
"Ländervorwahlliste_sortiert_nach_Nummern",2
"Léon_Walras",2
METAFONT,2
Mac_OS,2
"Magnoliengewächse",2
Mai,2
Main_Tower,2
Maleachi,2
Maria_Ward,2
Martin_Scorsese,2
Master_Boot_Record,2
Maurice_Denis,2
Max_Beckmann,2
Mayonnaise,2
Meerenge,2
Mel_Brooks,2
Menschenrechte,2
Meson,2
Metamorphose_(Zoologie),2
Meter,2
Microsoft_Windows_2000,2
Microsoft_Windows_98,2
Microsoft_Windows_Millennium_Edition,2
Mikronation,2
Mikroskop,2
Milgram-Experiment,2
Minitel,2
Minix_(Betriebssystem),2
Minos,2
"Mitglied_des_Europäischen_Parlaments",2
Mittelamerika,2
Modell,2
Mohammed_Atta,2
"Molybdän",2
Morgenstern_(Waffe),2
"Moräne",2
Moving_Picture_Experts_Group,2
Mozilla_Application_Suite,2
Museum_Berggruen,2
Mykologie,2
"März_2002",2
Nachhaltigkeit,2
Nachrichtentechnik,2
Natriumhydroxid,2
Nazi,2
Neptunium,2
Netscape_Navigator,2
Neve_Campbell,2
Newa,2
Nick_Nolte,2
Niklaus_Wirth,2
Nordeuropa,2
November,2
OS/2,2
OSI-Modell,2
Obduktion,2
Offener_Sternhaufen,2
Ohr,2
Ontariosee,2
OpenSUSE,2
Optisches_Teleskop,2
Ordensschwester,2
Organist,2
Orpheus_in_der_Unterwelt,2
Orthodoxe_Kirchen,2
Orthographie,2
Osama_bin_Laden,2
Oswald_Spengler,2
Otto_Spamer,2
Oxidation,2
PHP,2
Palladium,2
"Palästinenser",2
Paul_Desmond,2
Peso,2
Pflanzen,2
"Phasenübergang",2
Pierre-Simon_Laplace,2
Pierre_Curie,2
Piltdown-Mensch,2
Pilum,2
"Pippin_der_Jüngere",2
Planet,2
Politik,2
Poltergeist,2
Polybios,2
Pop_Art,2
Priamos,2
Probus_(Kaiser),2
Programmiersprache,2
Pulitzer-Preis,2
Pythagoreer,2
Pythagoreische_Stimmung,2
Python_(Programmiersprache),2
Pythons,2
Qi,2
Quark_(Physik),2
Quarte,2
Quaternion,2
Quicksort,2
RPM_Package_Manager,2
RSA-Kryptosystem,2
Radium,2
Ramadan,2
Raumstation,2
"Re_(Ägyptische_Mythologie)",2
Recht,2
Red_Hat_Linux,2
Reese_Witherspoon,2
Reformierte_Kirchen,2
Regenwald,2
Reggae,2
Regie,2
"Relativitätstheorie",2
Rhea_(Mythologie),2
"Rheydter_Höhe",2
Rho,2
"Ribonukleinsäure",2
Richard_Attenborough,2
Richard_Stallman,2
Ridley_Scott,2
Robert_Rodriguez,2
Robin_Williams,2
Ronald_Schill,2
Rosafarbene_Catharanthe,2
Rosalba_Carriera,2
Rotverschiebung,2
Rubidium,2
Rumba,2
Rundfunk,2
Rutherfordsches_Atommodell,2
SQL,2
Sacharja,2
Sahne,2
Saiteninstrument,2
"Salpetersäure",2
"Salzsäure",2
Sanskrit,2
Scheiterhaufen,2
Schellack,2
Schlitzwand,2
Schmelzpunkt,2
Schnabelschuh,2
Schnelle_Wavelet-Transformation,2
Schriftgrad,2
Schwellenland,2
Schwimmfarne,2
Schwul,2
Scirocco,2
Scratchen,2
Sechs,2
Sekte,2
Selen,2
Semiotisches_Dreieck,2
Serbische_Sprache,2
Sergei_Michailowitsch_Eisenstein,2
Sexte,2
Sidney_Poitier,2
"Sieben_Freie_Künste",2
Signal,2
Silvio_Gesell,2
Sinn_des_Lebens,2
Skandinavien,2
Skorbut,2
Solartechnik,2
"Sonnentaugewächse",2
Sopransaxophon,2
Speicherdirektzugriff,2
Split_Screen,2
Sprichwort,2
Stagflation,2
Stalagmit,2
"Stanisław_Lem",2
Stanley_Kubrick,2
"Starrer_Körper",2
Staude,2
Stefan_Banach,2
Steinlaus,2
Steven_Soderbergh,2
Stunde,2
Suzanne_Vega,2
Swahili_(Sprache),2
Syntonisches_Komma,2
Systole,2
"Säger",2
Tacitus_(Kaiser),2
Tageszeitung,2
Tanach,2
TeX,2
Teff,2
Teilgraph,2
Teilmenge,2
Telekinese,2
Telstar,2
Tenorsaxophon,2
Tensor,2
Tesla-Turbine,2
Thallium,2
Thelonious_Monk,2
Theorbe,2
Thomas_Morus,2
Thorium,2
Thukydides,2
Titan_(Mythologie),2
Todesursache,2
Tom_Wiggins,2
Tommy_Lee_Jones,2
Toni_Morrison,2
Tradition,2
Triglyceride,2
Tritonus,2
Tropen,2
Tropisches_Jahr,2
Tschechische_Sprache,2
Tunika_(Kleidung),2
Turingmaschine,2
Turksprachen,2
Tyche,2
Uhrzeit,2
Umberto_Eco,2
Umlaufgesichertes_Geld,2
Unendlicher_Graph,2
Ungarische_Sprache,2
Unterschrift,2
Unwetter,2
Uranos,2
Urban_II.,2
Vannevar_Bush,2
Vater,2
Verkehrsclub_Deutschland,2
Virginia_Madsen,2
Viroid,2
Vladimir_Zworykin,2
Vokal,2
"Volksfront_zur_Befreiung_Palästinas",2
"Vollständige_Induktion",2
WYSIWYG,2
Wahlkreis,2
Wahrscheinlichkeit,2
Wall_Street,2
Walther_Schreiber,2
Warren_Beatty,2
Wasserfalle,2
Wasserkefir,2
Wasserzeichen,2
Webserver,2
Weltbank,2
"Weltorganisation_für_geistiges_Eigentum",2
West-Nil-Virus,2
Westdeutschland,2
Western,2
Widerstand_gegen_den_Nationalsozialismus,2
Wiener_Walzer,2
Wiki,2
Wilhelm_Pramme,2
"Wilhelmine_Schröder-Devrient",2
"William_Thomson,_1._Baron_Kelvin",2
Windrichtung,2
Woche,2
XSL_Transformation,2
Ytterbium,2
Zar,2
Zentralverwaltungswirtschaft,2
Zeus-Statue_des_Phidias,2
Zimt,2
Zusammenhang_(Graphentheorie),2
"Ägyptologie",2
"Ångström_(Einheit)",2
"Édouard_Vuillard",2
"Évariste_Galois",2
"Öle",2
"×Triticale",2
"Überhangmandat",2
"Šulmanu-ašared_III.",2
-logie,1
1._Brief_des_Johannes,1
1._Brief_des_Paulus_an_die_Korinther,1
1._Brief_des_Paulus_an_die_Thessalonicher,1
1._Buch_Samuel,1
"1._Buch_der_Könige",1
1001,1
1008,1
1017,1
1019,1
1026,1
1029,1
1034,1
1048,1
1052,1
1057,1
1059,1
1068,1
1071,1
1076,1
1081,1
1092,1
1110,1
1113,1
1117,1
1124,1
1131,1
1132,1
1133,1
1137,1
1139,1
1142,1
1146,1
1151,1
1152,1
1159,1
1161,1
1163,1
1164,1
1168,1
1169,1
1171,1
1173,1
1175,1
1177,1
1179,1
1184,1
1190er,1
1195,1
1214,1
1231,1
1267,1
1277,1
1285,1
1286,1
1288,1
1290,1
1292,1
1293,1
1296,1
1310,1
1318,1
1319,1
1332,1
1337,1
1340,1
1355,1
1366,1
1372,1
1374,1
1376,1
1377,1
1381,1
1382,1
1387,1
1388,1
1391,1
1398,1
1510er,1
1640er,1
2._Brief_des_Johannes,1
2._Brief_des_Paulus_an_die_Korinther,1
2001:_Odyssee_im_Weltraum,1
214,1
235,1
312_v._Chr.,1
358,1
4._Jahrtausend_v._Chr.,1
403,1
404,1
42,1
42_(Antwort),1
430,1
5._Buch_Mose,1
5._Jahrhundert,1
51_Pegasi,1
568,1
6._Jahrhundert,1
622,1
632,1
701,1
702,1
703,1
704,1
706,1
709,1
710,1
720,1
722,1
723,1
725,1
726,1
730,1
732,1
738,1
743,1
744,1
746,1
749,1
750,1
752,1
753,1
754,1
758,1
803,1
812,1
815,1
817,1
818,1
819,1
820,1
821,1
823,1
824,1
825,1
829,1
830,1
834,1
835,1
836,1
845,1
849,1
853,1
854,1
855,1
856,1
859,1
860,1
861,1
863,1
866,1
869,1
870,1
872,1
877,1
881,1
882,1
883,1
884,1
885,1
886,1
887,1
888,1
890,1
892,1
893,1
894,1
895,1
897,1
898,1
902,1
903,1
905,1
908,1
913,1
916,1
918,1
919,1
923,1
925,1
926,1
927,1
928,1
929,1
931,1
933,1
934,1
935,1
939,1
940,1
941,1
943,1
944,1
947,1
948,1
951,1
952,1
953,1
955,1
956,1
957,1
968,1
971,1
973,1
975,1
990,1
992,1
995,1
AP,1
"Absolute_Häufigkeit",1
Abtastung_(Signalverarbeitung),1
"Abzählende_Kombinatorik",1
Achsensprung_(Film),1
Ada_Lovelace,1
Adolphe_Sax,1
Adzukibohne,1
Afrikanische_Yambohne,1
Aischylos,1
Akkad,1
"Al-Hallādsch",1
Alan_Alexander_Milne,1
Albert_de_Brudzewo,1
Alexander_Bain_(Uhrmacher),1
"Alexandre_Dumas_der_Jüngere",1
Alkalimetalle,1
Althochdeutsch,1
Amtssprache,1
Anaerobie,1
Andine_Knollenbohne,1
Andrei_Dmitrijewitsch_Linde,1
Ang_Lee,1
Anime,1
Anlong_Veng,1
Anne_Haigis,1
Antennenfernsehen,1
Anthony_Hope,1
Antibiotikaresistenz,1
Antithrombin_III,1
Apostel,1
Apostolisches_Glaubensbekenntnis,1
Arabischer_Name,1
Arbeit_(Sozialwissenschaften),1
Arbeitnehmer,1
Arithmetisches_Kodieren,1
Arnold_Ruge,1
Arnold_von_Siemens,1
Arthur_Holmes,1
Ase,1
Astronom,1
"Atomhülle",1
Atonale_Musik,1
Auguste_Lazar,1
Auschwitz-Erlass,1
Aussagenlogik,1
Aussperrung,1
"Außenminister",1
Avitus,1
"Aššur-nâṣir-apli_II.",1
BASIC,1
Babylonien,1
Backen,1
Backpulver,1
Bafing,1
Barry_Levinson,1
Belle_Boyd,1
Ben_Nicholson,1
Benchmarking_in_der_Betriebswirtschaft,1
"Betäubungsmittelgesetz_(Deutschland)",1
Bilanz,1
Bill_Murray,1
Billion,1
Biorhythmus_(Mantik),1
Bit,1
Bluescreen-Technik,1
Body-Mass-Index,1
Bonaventura_Cavalieri,1
Booten,1
Bor,1
Boris_Akunin,1
Borland,1
Bosnische_Sprache,1
Boson,1
Britische_Inseln,1
Buch_Obadja,1
Buch_Rut,1
Buran_1.01,1
Bushel,1
Buttermilch,1
"Buttersäure",1
C._S._Lewis,1
Cache,1
Campus,1
Carl_Amery,1
Carus_(Kaiser),1
Catherine_Zeta-Jones,1
Catjangbohne,1
Cesare_Pavese,1
Chaos_Communication_Congress,1
Chlamys_(Muschel),1
Chnum,1
Chomsky-Hierarchie,1
Christian_Ludwig_Attersee,1
Chuck_Palahniuk,1
Columban_von_Luxeuil,1
Compiler,1
Computerprogramm,1
Congregatio_Jesu,1
DVCAM,1
Daemon,1
Dampf,1
Danaergeschenk,1
Daniel_Bernoulli,1
Danny_DeVito,1
Daphne_du_Maurier,1
Darm,1
Dateisystem,1
"Dateiverknüpfung",1
David_Arquette,1
David_Fincher,1
De_Wallen,1
Definitionsmenge,1
Deflation,1
Deidameia_(Tochter_des_Lykomedes),1
Der_Gefangene_von_Zenda,1
Der_Herr_der_Ringe,1
Der_Zarewitsch,1
Dermatologie,1
Design,1
Desinfektion,1
Deutscher_Sportbund,1
Deutscher_Tanzsportverband,1
Diastole,1
Didier_Queloz,1
Digambara,1
Digitale_Revolution,1
Digitaler_Signalprozessor,1
Digitales_Fernsehen,1
Digitaltechnik,1
Dimorphismus,1
Discofox,1
Dixieland_(Jazz),1
Dominanz_(Genetik),1
"Domäne_(Biologie)",1
Donald_E._Knuth,1
Douglas_Coupland,1
Drama,1
Dschihad,1
Durchmesser,1
Durst,1
Dysprosium,1
"Dämon",1
ELIZA,1
EPOC,1
Edda,1
Edelmetalle,1
Edgar_G._Ulmer,1
Edsger_W._Dijkstra,1
"Edward_Plunkett,_18._Baron_of_Dunsany",1
Edwin_Hubble,1
Eigentum,1
Eigenwertproblem,1
Einfacher_Graph,1
Einzeller,1
Eiskorn,1
Electrically_Erasable_Programmable_Read-Only_Memory,1
"Elektrizität",1
Elektronik,1
Elektronische_Musik,1
Elf,1
Elia_Kazan,1
"Elisabeth_Höngen",1
"Endokrine_Drüse",1
Englische_Sprache,1
Entwurfsmuster,1
Epizentrum,1
Erbium,1
"Erbsünde",1
Eremit,1
Erfundenes_Mittelalter,1
Erika_Eleniak,1
Erika_Fuchs,1
Eris_(Mythologie),1
Erna_Berger,1
"Ernst_Weiß_(Schriftsteller)",1
"Erstes_Konzil_von_Nicäa",1
Eskimo-aleutische_Sprachen,1
Esther_Friesner,1
Estrogene,1
Euklidische_Geometrie,1
Euripides,1
"Europäische_Gemeinschaft",1
"Europäisches_Patentübereinkommen",1
"Evangelische_Räte",1
Evangelium_(Buch),1
Evangelium_(Glaube),1
Exklave,1
Extended_Graphics_Array,1
Extensible_Hypertext_Markup_Language,1
Extensible_Markup_Language,1
Ezechiel,1
Fahrzeug,1
Fantasy,1
Farkas_Wolfgang_Bolyai,1
Fehler_2._Art,1
Fermium,1
Fibrin,1
Fli4l,1
Florianus,1
"Flusssäure",1
"Flüssigkeit",1
Food_and_Drug_Administration,1
Football_(Sportart),1
Formant,1
Fotorealismus,1
Foxtrott,1
Francis_William_Aston,1
Frank_Herbert,1
Franka_Potente,1
Free_Software_Foundation,1
Freies_Elektronenpaar,1
Freistaat_(Republik),1
Frequenz,1
Frequenzband,1
"Friedrich_Dürrenmatt",1
Friedrich_Merz,1
Fuge_(Musik),1
Fundamentale_Wechselwirkung,1
GNU-Projekt,1
GNU_General_Public_License,1
Gabi_Zimmer,1
Gaius_Marius,1
Gallone,1
Gary_Cooper,1
Gefangener,1
"Gefäßpflanzen",1
"Gefäßsporenpflanzen",1
Geisteskrankheit,1
Gemeiner_Flugdrache,1
Gemeinfreiheit,1
Gene_Hackman,1
Genetischer_Code,1
Genom,1
Genussmittel,1
Genyornis,1
Geochemie,1
Geometrie,1
Geometrische_Optik,1
Gerhard_Seyfried,1
Germanische_Sprachen,1
Geschichte_des_Urheberrechts,1
"Geschichte_von_Maßen_und_Gewichten",1
Geschmacksmuster,1
"Gesetz_der_großen_Zahlen",1
Gesundheits-_und_Krankenpflege,1
Gesundheitssystem,1
"Getränk",1
Gleichung,1
Globalisierungskritik,1
Grad_Fahrenheit,1
Gram-Schmidtsches_Orthogonalisierungsverfahren,1
Gramm,1
Grammatik,1
Grandma_Moses,1
Graupel,1
Greenwich_Mean_Time,1
Gregor_XIII.,1
"Große_Syrte",1
"Großer_Lauschangriff",1
Gruppentheorie,1
Guarbohne,1
Haar-Wavelet,1
Hamiltonkreisproblem,1
Hans_Magnus_Enzensberger,1
Hardware,1
Harmonie,1
Harmonik,1
Harry_Mulisch,1
"Haselnussgewächse",1
Hausstaubmilben,1
Heinrich_Campendonk,1
"Heisenbergsche_Unschärferelation",1
Helene_Glatzer,1
Hermann_August_Korff,1
Hertzsprung-Russell-Diagramm,1
Herzinsuffizienz,1
"Heterosexualität",1
Hierarchie,1
Hilfe,1
Hirntod,1
Hochmittelalter,1
Holmium,1
Hundeartige,1
Hurenkind_und_Schusterjunge,1
Hybrid,1
Hygiene,1
Hypertext_Markup_Language,1
Hypertext_Transfer_Protocol,1
Hypertext_Transfer_Protocol_Secure,1
Idee,1
Incisivosaurus,1
Independent_Moving_Pictures_Company,1
Instant_Messaging,1
Intensivstation,1
International_Union_of_Pure_and_Applied_Chemistry,1
Internationale_Telefonvorwahl,1
Internationales_Phonetisches_Alphabet,1
Intrusion_Detection_System,1
IsiZulu,1
"Isländische_Kammmuschel",1
Ivan_Martin_Jirous,1
Jackbohne,1
Jacqueline_Bisset,1
James_L._Brooks,1
"Jan_Łukasiewicz",1
Jared_Leto,1
JavaScript,1
Java_Virtual_Machine,1
Jean-Jacques_Annaud,1
Jean-Pierre_Jeunet,1
Jean_Dubuffet,1
Jewgeni_Anatoljewitsch_Popow,1
Jim_Carrey,1
Jive,1
Joe_Dante,1
"Joe_D’Amato",1
Johann_Friedrich_Fasch,1
John_Cassavetes,1
John_Irving,1
Jonathan_Carroll,1
Jonathan_Demme,1
Julianischer_Kalender,1
Kaliumchlorid,1
Kanal_(Informationstheorie),1
Kante_(Graphentheorie),1
Kanuri_(Sprache),1
"Kardengewächse",1
Karl_Oppel,1
Karl_Schwarzschild,1
Kayes,1
Kazimierz_Kuratowski,1
Keith_Jarrett,1
Kernel_(Betriebssystem),1
Kevin_Smith,1
Kevin_Sorbo,1
Keyboard,1
Kieferlose,1
Kinderrechtskonvention,1
Klassische_Mechanik,1
Kleinpferd,1
Knospung,1
Kommandozeile,1
Kommunikation_(soziologische_Systemtheorie),1
"Konföderationsartikel",1
Konservatismus,1
Kontinuumshypothese,1
Korruption,1
Krankensalbung,1
Kritik,1
Kryptographie,1
Kryptologie,1
Kulturpflanze,1
Kunstgewerbe,1
Kyle_MacLachlan,1
"König",1
"Königswasser",1
"Körper_(Algebra)",1
"Künstliche_Intelligenz",1
Lagerbier,1
Landkreis,1
Landratsamt,1
Langsamer_Walzer,1
Lanthan,1
Lanthanoide,1
"Lateinamerikanische_Tänze",1
"Laufvögel",1
Lawrencium,1
Lebewesen,1
Legionellose,1
Lehnwort,1
Leistungsverzeichnis,1
Leopoldo_Galtieri,1
Lichtjahr,1
Lichtspektrum,1
Limabohne,1
Links_und_rechts,1
Lisp,1
"Liste_der_Städte_in_der_Schweiz",1
"Liste_der_Städte_und_Gemeinden_in_Bayern",1
"Liste_der_Städte_und_Gemeinden_in_Hessen",1
"Liste_der_Städte_und_Gemeinden_in_Rheinland-Pfalz",1
"Liste_der_Städte_und_Gemeinden_in_Sachsen",1
Liste_der_Transportmittel,1
Liste_der_Verwaltungsebenen_in_Bremerhaven,1
"Liste_jüdischer_Feste",1
Liste_von_Religionen_und_Weltanschauungen,1
Liste_von_Schiffstypen,1
Liter,1
Lithiumfluorid,1
Lithiumhydroxid,1
Local_Area_Network,1
Lorraine_Bracco,1
Louis_de_Broglie,1
Ludwig_Erhardt,1
"Ludwig_von_Köchel",1
Luganda,1
Luv_und_Lee,1
Mack_Sennett,1
Magenband,1
Mai_2002,1
Mailbox_(Computer),1
Majorian,1
"Makroökonomie",1
Mangos,1
Maria_Schrader,1
Marianne_Bachmeier,1
Marianne_Bruns,1
Marie_Stritt,1
Marsden_Hartley,1
Marx_Augustin,1
Mary_Wortley_Montagu,1
Masoretischer_Text,1
Massaker,1
Masse_(Physik),1
Masse_(Soziologie),1
Mathematiker,1
Mattenbohne,1
Maurice_Papon,1
Maya_Angelou,1
Mazedonische_Sprache,1
Mechanik,1
Mehrheitswahl,1
Mendelevium,1
Messung,1
Metalldampflampe,1
Metamorphose_(Geologie),1
Metrologie,1
Michael_Ellis_DeBakey,1
Michael_Ende,1
Michel_Mayor,1
Microsoft_Windows_NT,1
Midnight_Commander,1
Midnight_Sun_Film_Festival,1
Mifepriston,1
"Mika_Kaurismäki",1
"Mikroökonomie",1
Milan_Uhde,1
"Miloš_Forman",1
Mineralogie,1
Minute,1
Mira_Sorvino,1
Mnemosyne_(Mythologie),1
Monat,1
Mondlandung,1
Monochrome_Malerei,1
Monopol,1
Monotheismus,1
Monotonie_(Mathematik),1
"Montgolfière",1
Mordechai_Vanunu,1
Musiker,1
Muslim,1
Mustererkennung,1
"Männliches_Geschlecht",1
"Märkische_Schweiz",1
Nachricht,1
Nadine_Gordimer,1
Nahrungsmittel,1
Napster,1
National_Broadcasting_Company,1
"Nationalratswahl_in_Österreich_2002",1
NeXTStep,1
Neal_Stephenson,1
"Nebenschilddrüse",1
Negation,1
Nerva,1
Nestorpapageien,1
Netzwerk,1
Neurotransmitter,1
Neutron,1
Newton_(Einheit),1
Nicholas_Sparks,1
Niklas_Luhmann,1
Nitrofen,1
Noradrenalin,1
Norbert_Wiener,1
Nordgermanische_Sprachen,1
Norman_Spinrad,1
Norwegische_Sprache,1
Nupedia,1
Nyquist-Shannon-Abtasttheorem,1
Oberon_(Programmiersprache),1
"Objektivität",1
Octavia_E._Butler,1
Ohm,1
Ontologie_(Informatik),1
Open_Source,1
Ordensgemeinschaft,1
Organisation,1
Orlando_(Roman),1
Orson_Welles,1
Osteuropa,1
Otho,1
Otis_Redding,1
Otoskop,1
Oviparie,1
"Paläolinguistik",1
Parsec,1
Pascal_(Programmiersprache),1
Pasteurisierung,1
Patient,1
"Paul_Erdős",1
Paul_Feyerabend,1
Paul_Verhoeven_(Niederlande),1
Pazifische_Eibe,1
Peer-to-Peer,1
"Persönliche_Identifikationsnummer",1
Peter_Mark_Roget,1
Peter_Singer,1
Pfalzgraf,1
Pferdebohne,1
"Pferdestärke",1
Phonetik,1
Physiker,1
Pianist,1
Pierre_Bonnard,1
Pinte,1
Placebo,1
Plenk,1
Politikwissenschaft,1
Polymer,1
Pond,1
Postleitzahl,1
Potenzmenge,1
Prion,1
"Privatsphäre",1
Procynosuchus,1
Programmable_Read-Only_Memory,1
Protestantismus,1
Proton,1
Psalm,1
Pseudonym,1
Qt_Development_Frameworks,1
"Qualität",1
Quam,1
Quantencomputer,1
"Quarantäne",1
Quelltext,1
Quersumme,1
Quinte,1
RIFF_WAVE,1
ROT13,1
RSS,1
Rachel_Ward,1
Radegundis,1
Radioastronomie,1
Radiocarbon-Jahr,1
Rainer_Fetting,1
Raoul_Hausmann,1
Raumflugzeug,1
"Rechnergestützte_Entwicklung",1
Redewendung,1
Reelle_Zahl,1
Reformationstag,1
Regierungsbezirk,1
Regisseur,1
Reibung,1
Reisbohne,1
Rekursion,1
Relation_(Mathematik),1
Rene_Russo,1
Reporter,1
Resilienz,1
Resource_Description_Framework,1
Revolution,1
Rhesusfaktor,1
Ribosom,1
Richard_Adams,1
Richterskala,1
Robert_Anton_Wilson,1
Robert_Redford,1
Robert_Zemeckis,1
Rohkost,1
Roland_Emmerich,1
Roter_Zwerg,1
Rupert,1
Ruth_Seydewitz,1
"Rückversicherung",1
Sam_Neill,1
Samarium,1
Same_(Pflanze),1
Samstag,1
Samuel_Barber,1
"Sandelholzgewächse",1
Sarkom,1
Scandium,1
Schaltjahr,1
Scharia,1
Schauspieler,1
Scheduling,1
Schiffstyp,1
Schilling,1
"Schlüssel_(Kryptologie)",1
Schmelzen,1
Schnelle_Fourier-Transformation,1
Schreibstift,1
"Schwarz-Weiß-Fernsehen",1
Schwefelwasserstoff,1
Schweres_Wasser,1
Schwertbohne,1
Scott_Joplin,1
Screening,1
Selbstrettung,1
Semantisches_Netz,1
Semiotik,1
September,1
September_2002,1
September_2003,1
Septime,1
Septuaginta,1
Sergio_Leone,1
Serpent_(Musik),1
Servlet,1
Sext,1
Sharon_Stone,1
Shvetambaras,1
Siedlung,1
Sif,1
Sigma,1
Silbenschrift,1
Sinusknoten,1
Sinustachykardie,1
Slawische_Sprachen,1
Smalltalk_(Programmiersprache),1
Sofja_Wassiljewna_Kowalewskaja,1
Software,1
Solidus,1
Sonnenwind,1
Sophokles,1
Sozialistische_Reichspartei,1
Soziologische_Systemtheorie,1
Spartacus,1
Spezialeffekt,1
Spielkonsole,1
Spirit_of_St._Louis,1
Sprache,1
Sprachphilosophie,1
Staatsform,1
Stabreim,1
Stasi-Unterlagen,1
Statische_Berechnung,1
Stephen_Baxter,1
Stephen_Jay_Gould,1
"Sterntagebücher",1
Steven_Pinker,1
Stimulierte_Emission,1
Stummfilm,1
Stundengebet,1
Subkutan,1
Super_Video_Graphics_Array,1
Swinger,1
Sydney_Pollack,1
Symbiose,1
Systematik_(Biologie),1
"Séquentiel_couleur_à_mémoire",1
TOS_(Betriebssystem),1
Tachyon,1
Taifun,1
Takeshi_Kitano,1
Tamara_de_Lempicka,1
Tanzsport,1
Taschentrompete,1
Tastgrad,1
Taylor_Caldwell,1
Tcl,1
Teekesselchen,1
Telepathie,1
Teparybohne,1
Terbium,1
Terror,1
Terrorismus,1
Textverarbeitung,1
The_Plastic_People_of_the_Universe,1
Themenwanderweg,1
Themis_(Mythologie),1
Theologie,1
Therapeutische_Wirksamkeit,1
Thesaurus,1
Thetis_(Mythologie),1
Thomas_Brezina,1
Thomas_Hobbes,1
Thomas_Newcomen,1
Thomas_S._Kuhn,1
Thrombin,1
Thulium,1
Tobey_Maguire,1
Tom_Tykwer,1
Tonsur,1
Tony_Sender,1
Top-Level-Domain,1
Topologie_(Mathematik),1
"Toxizität",1
Tragwerk_(Bauwesen),1
"Tragödie",1
Transneptunisches_Objekt,1
Transpluto,1
Transurane,1
Trebonianus_Gallus,1
Triumphbogen,1
Turbo_Pascal,1
Typhon_(Mythologie),1
Typografie,1
"TÜV",1
Ueshiba_Morihei,1
Ulrich_Plenzdorf,1
Umkehrfunktion,1
Umsatzsteuer,1
Unendlichkeit,1
Urdbohne,1
Ursula_K._Le_Guin,1
Utopia_(Roman),1
Utopie,1
Vakuum,1
Vektorraum,1
Veranda,1
Verdauung,1
Verfassung,1
Vi,1
Victor_Borge,1
Videokunst,1
Vielfliegerprogramm,1
Vielzeller,1
Vier-Spezies-Maschine,1
Vivisektion,1
"Vollblüter",1
Volley,1
"Vorsätze_für_Maßeinheiten",1
Wahrer_und_scheinbarer_Wind,1
Wahrheitstabelle,1
Wald_(Graphentheorie),1
Walter_Bruch,1
Wasserfahrzeug,1
Watt_(Einheit),1
Wau_Holland,1
Weegee,1
Weg_(Graphentheorie),1
Weibliches_Geschlecht,1
"Wellenlänge",1
Welttanzprogramm,1
Wget,1
Wiedehopfe,1
Wilhelm_Heinrich_Immanuel_Bleek,1
William_Gibson,1
William_Hurt,1
William_Jones_(Indologe),1
Wirkungsgrad,1
Wissenschaftsgeschichte,1
Wolof_(Sprache),1
Woody_Harrelson,1
Wort,1
"Wärmeübertragung",1
"Wörterbuch",1
Yambohnen,1
Yersinia_pestis,1
Yttrium,1
Zahlennamen,1
Zahnarme,1
Zeitmaschine,1
Zeitreihenanalyse,1
Zenit_(Richtungsangabe),1
Zoologie,1
Zwergpinguin,1
Zytostatikum,1
"Zölibat",1
"Ägyptischer_Kalender",1
"Äquivalenzprinzip_(Physik)",1
"Émile_Durkheim",1
"Ökosystem",1
"Ökotourismus",1
"Ölsaat",1
