aa|https://aa.wikipedia.org/wiki/~{0}
ab|https://ab.wikipedia.org/wiki/~{0}
ace|https://ace.wikipedia.org/wiki/~{0}
acronym|http://www.acronymfinder.com/af-query.asp?String=exact&Acronym=~{0}
advisory|https://advisory.wikimedia.org/wiki/~{0}
advogato|http://www.advogato.org/~{0}
aew|http://wiki.arabeyes.org/~{0}
af|https://af.wikipedia.org/wiki/~{0}
ak|https://ak.wikipedia.org/wiki/~{0}
als|https://als.wikipedia.org/wiki/~{0}
am|https://am.wikipedia.org/wiki/~{0}
an|https://an.wikipedia.org/wiki/~{0}
ang|https://ang.wikipedia.org/wiki/~{0}
appropedia|http://www.appropedia.org/~{0}
aquariumwiki|http://www.theaquariumwiki.com/~{0}
ar|https://ar.wikipedia.org/wiki/~{0}
arborwiki|https://localwiki.org/ann-arbor/~{0}
arc|https://arc.wikipedia.org/wiki/~{0}
arxiv|http://arxiv.org/abs/~{0}
arz|https://arz.wikipedia.org/wiki/~{0}
as|https://as.wikipedia.org/wiki/~{0}
ast|https://ast.wikipedia.org/wiki/~{0}
atmwiki|http://www.otterstedt.de/wiki/index.php/~{0}
av|https://av.wikipedia.org/wiki/~{0}
ay|https://ay.wikipedia.org/wiki/~{0}
az|https://az.wikipedia.org/wiki/~{0}
azb|https://azb.wikipedia.org/wiki/~{0}
b|https://en.wikibooks.org/wiki/~{0}
ba|https://ba.wikipedia.org/wiki/~{0}
baden|http://www.stadtwiki-baden-baden.de/wiki/~{0}/
bar|https://bar.wikipedia.org/wiki/~{0}
bat-smg|https://bat-smg.wikipedia.org/wiki/~{0}
battlestarwiki|http://en.battlestarwiki.org/wiki/~{0}
bcl|https://bcl.wikipedia.org/wiki/~{0}
bcnbio|http://historiapolitica.bcn.cl/resenas_parlamentarias/wiki/~{0}
be|https://be.wikipedia.org/wiki/~{0}
be-tarask|https://be-x-old.wikipedia.org/wiki/~{0}
be-x-old|https://be-x-old.wikipedia.org/wiki/~{0}
beacha|http://www.beachapedia.org/~{0}
betawiki|https://translatewiki.net/wiki/~{0}
betawikiversity|https://beta.wikiversity.org/wiki/~{0}
bg|https://bg.wikipedia.org/wiki/~{0}
bh|https://bh.wikipedia.org/wiki/~{0}
bi|https://bi.wikipedia.org/wiki/~{0}
bjn|https://bjn.wikipedia.org/wiki/~{0}
bluwiki|http://bluwiki.com/go/~{0}
blw|http://britainloveswikipedia.org/wiki/~{0}
bm|https://bm.wikipedia.org/wiki/~{0}
bn|https://bn.wikipedia.org/wiki/~{0}
bo|https://bo.wikipedia.org/wiki/~{0}
botwiki|http://botwiki.sno.cc/wiki/~{0}
boxrec|http://www.boxrec.com/media/index.php?~{0}
bpy|https://bpy.wikipedia.org/wiki/~{0}
br|https://br.wikipedia.org/wiki/~{0}
brickwiki|http://www.brickwiki.info/wiki/~{0}
bs|https://bs.wikipedia.org/wiki/~{0}
bug|https://bug.wikipedia.org/wiki/~{0}
bugzilla|https://bugzilla.wikimedia.org/show_bug.cgi?id=~{0}
bulba|http://bulbapedia.bulbagarden.net/wiki/~{0}
bxr|https://bxr.wikipedia.org/wiki/~{0}
c|https://commons.wikimedia.org/wiki/~{0}
c2|http://c2.com/cgi/wiki?~{0}
c2find|http://c2.com/cgi/wiki?FindPage&value=~{0}
ca|https://ca.wikipedia.org/wiki/~{0}
cache|https://www.google.com/search?q=cache:~{0}
cbk-zam|https://cbk-zam.wikipedia.org/wiki/~{0}
cdo|https://cdo.wikipedia.org/wiki/~{0}
ce|https://ce.wikipedia.org/wiki/~{0}
ceb|https://ceb.wikipedia.org/wiki/~{0}
cellwiki|http://cell.wikia.com/wiki/~{0}
centralwikia|http://community.wikia.com/wiki/~{0}
ch|https://ch.wikipedia.org/wiki/~{0}
chapter|https://en.wikimedia.org/wiki/~{0}
chej|http://esperanto.blahus.cz/cxej/vikio/index.php/~{0}
cho|https://cho.wikipedia.org/wiki/~{0}
choralwiki|http://www.cpdl.org/wiki/index.php/~{0}
chr|https://chr.wikipedia.org/wiki/~{0}
chy|https://chy.wikipedia.org/wiki/~{0}
citizendium|http://en.citizendium.org/wiki/~{0}
ckb|https://ckb.wikipedia.org/wiki/~{0}
ckwiss|http://www.ck-wissen.de/ckwiki/index.php?title=~{0}
cmn|https://zh.wikipedia.org/wiki/~{0}
co|https://co.wikipedia.org/wiki/~{0}
comixpedia|http://www.comixpedia.org/index.php?title=~{0}
commons|https://commons.wikimedia.org/wiki/~{0}
communityscheme|http://community.schemewiki.org/?c=s&key=~{0}
communitywiki|http://www.communitywiki.org/~{0}
comune|http://rete.comuni-italiani.it/wiki/~{0}
cr|https://cr.wikipedia.org/wiki/~{0}
crazyhacks|http://www.crazy-hacks.org/wiki/index.php?title=~{0}
creativecommons|https://creativecommons.org/licenses/~{0}
creativecommonswiki|https://wiki.creativecommons.org/~{0}
creatureswiki|http://creatures.wikia.com/wiki/~{0}
crh|https://crh.wikipedia.org/wiki/~{0}
cs|https://cs.wikipedia.org/wiki/~{0}
csb|https://csb.wikipedia.org/wiki/~{0}
cu|https://cu.wikipedia.org/wiki/~{0}
cv|https://cv.wikipedia.org/wiki/~{0}
cxej|http://esperanto.blahus.cz/cxej/vikio/index.php/~{0}
cy|https://cy.wikipedia.org/wiki/~{0}
cz|https://cs.wikipedia.org/wiki/~{0}
d|https://www.wikidata.org/wiki/~{0}
da|https://da.wikipedia.org/wiki/~{0}
dbdump|https://dumps.wikimedia.org/~{0}/latest/
dcc|http://www.dccwiki.com/~{0}
dcdatabase|http://dc.wikia.com/~{0}
dcma|http://christian-morgenstern.de/dcma/index.php?title=~{0}
de|https://de.wikipedia.org/wiki/~{0}
delicious|https://www.delicious.com/tag/~{0}
devmo|https://developer.mozilla.org/en/docs/~{0}
dict|http://www.dict.org/bin/Dict?Database=*&Form=Dict1&Strategy=*&Query=~{0}
dictionary|http://www.dict.org/bin/Dict?Database=*&Form=Dict1&Strategy=*&Query=~{0}
diq|https://diq.wikipedia.org/wiki/~{0}
disinfopedia|http://www.sourcewatch.org/wiki.phtml?title=~{0}
distributedproofreaders|http://www.pgdp.net/wiki/~{0}
distributedproofreadersca|http://www.pgdpcanada.net/wiki/index.php/~{0}
dk|https://da.wikipedia.org/wiki/~{0}
dmoz|http://www.dmoz.org/~{0}
dmozs|http://www.dmoz.org/cgi-bin/search?search=~{0}
doi|https://dx.doi.org/~{0}
donate|https://donate.wikimedia.org/wiki/~{0}
doom_wiki|http://doom.wikia.com/wiki/~{0}
download|https://releases.wikimedia.org/~{0}
dpd|http://lema.rae.es/dpd/?key=~{0}
drae|http://lema.rae.es/drae/?val=~{0}
dreamhost|http://wiki.dreamhost.com/index.php/~{0}
drumcorpswiki|http://www.drumcorpswiki.com/index.php/~{0}
dsb|https://dsb.wikipedia.org/wiki/~{0}
dv|https://dv.wikipedia.org/wiki/~{0}
dwjwiki|http://www.suberic.net/cgi-bin/dwj/wiki.cgi?~{0}
dz|https://dz.wikipedia.org/wiki/~{0}
ecoreality|http://www.EcoReality.org/wiki/~{0}
ecxei|http://www.ikso.net/cgi-bin/wiki.pl?~{0}
ee|https://ee.wikipedia.org/wiki/~{0}
egl|https://eml.wikipedia.org/wiki/~{0}
el|https://el.wikipedia.org/wiki/~{0}
elibre|http://enciclopedia.us.es/index.php/~{0}
emacswiki|http://www.emacswiki.org/cgi-bin/wiki.pl?~{0}
eml|https://eml.wikipedia.org/wiki/~{0}
en|https://en.wikipedia.org/wiki/~{0}
encyc|http://encyc.org/wiki/~{0}
energiewiki|http://www.netzwerk-energieberater.de/wiki/index.php/~{0}
englyphwiki|http://en.glyphwiki.org/wiki/~{0}
enkol|http://enkol.pl/~{0}
eo|https://eo.wikipedia.org/wiki/~{0}
eokulturcentro|http://esperanto.toulouse.free.fr/nova/wikini/wakka.php?wiki=~{0}
epo|https://eo.wikipedia.org/wiki/~{0}
es|https://es.wikipedia.org/wiki/~{0}
esolang|http://esolangs.org/wiki/~{0}
et|https://et.wikipedia.org/wiki/~{0}
etherpad|https://etherpad.wikimedia.org/~{0}
ethnologue|https://www.ethnologue.com/language/~{0}
ethnologuefamily|https://www.ethnologue.com/show_family.asp?subid=~{0}
eu|https://eu.wikipedia.org/wiki/~{0}
evowiki|http://wiki.cotch.net/index.php/~{0}
exotica|http://www.exotica.org.uk/wiki/~{0}
ext|https://ext.wikipedia.org/wiki/~{0}
eĉei|http://www.ikso.net/cgi-bin/wiki.pl?~{0}
fa|https://fa.wikipedia.org/wiki/~{0}
fanimutationwiki|http://wiki.animutationportal.com/index.php/~{0}
ff|https://ff.wikipedia.org/wiki/~{0}
fi|https://fi.wikipedia.org/wiki/~{0}
finalfantasy|http://finalfantasy.wikia.com/wiki/~{0}
finnix|http://www.finnix.org/~{0}
fiu-vro|https://fiu-vro.wikipedia.org/wiki/~{0}
fj|https://fj.wikipedia.org/wiki/~{0}
flickrphoto|https://www.flickr.com/photo.gne?id=~{0}
flickruser|https://www.flickr.com/people/~{0}
floralwiki|http://www.floralwiki.co.uk/wiki/~{0}
fo|https://fo.wikipedia.org/wiki/~{0}
foldoc|http://foldoc.org/~{0}
forthfreak|http://wiki.forthfreak.net/index.cgi?~{0}
foundation|https://wikimediafoundation.org/wiki/~{0}
foxwiki|http://fox.wikis.com/wc.dll?Wiki~~~{0}
fr|https://fr.wikipedia.org/wiki/~{0}
freebio|http://freebiology.org/wiki/~{0}
freebsdman|http://www.FreeBSD.org/cgi/man.cgi?apropos=1&query=~{0}
freeculturewiki|http://wiki.freeculture.org/index.php/~{0}
freedomdefined|http://freedomdefined.org/~{0}
freefeel|http://freefeel.org/wiki/~{0}
freekiwiki|http://wiki.freegeek.org/index.php/~{0}
freenode|irc://irc.freenode.net/~{0}
freesoft|https://directory.fsf.org/wiki/~{0}
frp|https://frp.wikipedia.org/wiki/~{0}
frr|https://frr.wikipedia.org/wiki/~{0}
fur|https://fur.wikipedia.org/wiki/~{0}
fy|https://fy.wikipedia.org/wiki/~{0}
ga|https://ga.wikipedia.org/wiki/~{0}
gag|https://gag.wikipedia.org/wiki/~{0}
gan|https://gan.wikipedia.org/wiki/~{0}
ganfyd|http://ganfyd.org/index.php?title=~{0}
gardenology|http://www.gardenology.org/wiki/~{0}
gausswiki|http://gauss.ffii.org/~{0}
gd|https://gd.wikipedia.org/wiki/~{0}
gentoo|https://wiki.gentoo.org/wiki/~{0}
genwiki|http://wiki.genealogy.net/index.php/~{0}
gerrit|https://gerrit.wikimedia.org/r/~{0}
git|https://gerrit.wikimedia.org/r/gitweb?p=mediawiki/~{0};a=log;h=refs/heads/master
gl|https://gl.wikipedia.org/wiki/~{0}
glk|https://glk.wikipedia.org/wiki/~{0}
globalvoices|http://cyber.law.harvard.edu/dyn/globalvoices/wiki/~{0}
glossarwiki|http://glossar.hs-augsburg.de/~{0}
glossarywiki|http://glossary.hs-augsburg.de/~{0}
gn|https://gn.wikipedia.org/wiki/~{0}
gom|https://gom.wikipedia.org/wiki/~{0}
google|https://www.google.com/search?q=~{0}
googledefine|https://www.google.com/search?q=define:~{0}
googlegroups|https://groups.google.com/groups?q=~{0}
got|https://got.wikipedia.org/wiki/~{0}
greatlakeswiki|http://greatlakeswiki.org/index.php/~{0}
gsw|https://als.wikipedia.org/wiki/~{0}
gu|https://gu.wikipedia.org/wiki/~{0}
guildwarswiki|http://wiki.guildwars.com/wiki/~{0}
guildwiki|http://guildwars.wikia.com/wiki/~{0}
gutenberg|http://www.gutenberg.org/etext/~{0}
gutenbergwiki|http://www.gutenberg.org/wiki/~{0}
gv|https://gv.wikipedia.org/wiki/~{0}
h2wiki|http://halowiki.net/p/~{0}
ha|https://ha.wikipedia.org/wiki/~{0}
hackerspaces|http://hackerspaces.org/wiki/~{0}
hak|https://hak.wikipedia.org/wiki/~{0}
hammondwiki|http://www.dairiki.org/HammondWiki/index.php3?~{0}
haw|https://haw.wikipedia.org/wiki/~{0}
hdl|http://hdl.handle.net/~{0}
he|https://he.wikipedia.org/wiki/~{0}
heroeswiki|http://heroeswiki.com/~{0}
hi|https://hi.wikipedia.org/wiki/~{0}
hif|https://hif.wikipedia.org/wiki/~{0}
ho|https://ho.wikipedia.org/wiki/~{0}
hr|https://hr.wikipedia.org/wiki/~{0}
hrfwiki|http://fanstuff.hrwiki.org/index.php/~{0}
hrwiki|http://www.hrwiki.org/index.php/~{0}
hsb|https://hsb.wikipedia.org/wiki/~{0}
ht|https://ht.wikipedia.org/wiki/~{0}
hu|https://hu.wikipedia.org/wiki/~{0}
hupwiki|http://wiki.hup.hu/index.php/~{0}
hy|https://hy.wikipedia.org/wiki/~{0}
hz|https://hz.wikipedia.org/wiki/~{0}
ia|https://ia.wikipedia.org/wiki/~{0}
iarchive|https://archive.org/details/~{0}
id|https://id.wikipedia.org/wiki/~{0}
ie|https://ie.wikipedia.org/wiki/~{0}
ig|https://ig.wikipedia.org/wiki/~{0}
ii|https://ii.wikipedia.org/wiki/~{0}
ik|https://ik.wikipedia.org/wiki/~{0}
ilo|https://ilo.wikipedia.org/wiki/~{0}
imdbcharacter|http://www.imdb.com/character/ch~{0}/
imdbcompany|http://www.imdb.com/company/co~{0}/
imdbname|http://www.imdb.com/name/nm~{0}/
imdbtitle|http://www.imdb.com/title/tt~{0}/
incubator|https://incubator.wikimedia.org/wiki/~{0}
infosecpedia|http://infosecpedia.org/wiki/~{0}
infosphere|http://theinfosphere.org/~{0}
io|https://io.wikipedia.org/wiki/~{0}
irc|irc://irc.freenode.net/~{0}
ircrc|irc://irc.wikimedia.org/~{0}
is|https://is.wikipedia.org/wiki/~{0}
iso639-3|http://www-01.sil.org/iso639-3/documentation.asp?id=~{0}
issn|http://www.worldcat.org/issn/~{0}
it|https://it.wikipedia.org/wiki/~{0}
iu|https://iu.wikipedia.org/wiki/~{0}
iuridictum|http://iuridictum.pecina.cz/w/~{0}
ja|https://ja.wikipedia.org/wiki/~{0}
jaglyphwiki|http://glyphwiki.org/wiki/~{0}
javanet|http://wiki.java.net/bin/view/Main/~{0}
javapedia|http://wiki.java.net/bin/view/Javapedia/~{0}
jbo|https://jbo.wikipedia.org/wiki/~{0}
jefo|http://esperanto-jeunes.org/wiki/~{0}
jerseydatabase|http://jerseydatabase.com/wiki.php?id=~{0}
jira|https://jira.toolserver.org/browse/~{0}
jp|https://ja.wikipedia.org/wiki/~{0}
jspwiki|http://www.ecyrd.com/JSPWiki/Wiki.jsp?page=~{0}
jstor|http://www.jstor.org/journals/~{0}
jv|https://jv.wikipedia.org/wiki/~{0}
ka|https://ka.wikipedia.org/wiki/~{0}
kaa|https://kaa.wikipedia.org/wiki/~{0}
kab|https://kab.wikipedia.org/wiki/~{0}
kamelo|http://kamelopedia.mormo.org/index.php/~{0}
karlsruhe|http://ka.stadtwiki.net/~{0}
kbd|https://kbd.wikipedia.org/wiki/~{0}
kg|https://kg.wikipedia.org/wiki/~{0}
ki|https://ki.wikipedia.org/wiki/~{0}
kinowiki|http://kino.skripov.com/index.php/~{0}
kj|https://kj.wikipedia.org/wiki/~{0}
kk|https://kk.wikipedia.org/wiki/~{0}
kl|https://kl.wikipedia.org/wiki/~{0}
km|https://km.wikipedia.org/wiki/~{0}
kmwiki|https://kmwiki.wikispaces.com/~{0}
kn|https://kn.wikipedia.org/wiki/~{0}
ko|https://ko.wikipedia.org/wiki/~{0}
koi|https://koi.wikipedia.org/wiki/~{0}
komicawiki|http://wiki.komica.org/wiki3/?~{0}
kontuwiki|http://kontu.merri.net/wiki/~{0}
koslarwiki|http://wiki.koslar.de/index.php/~{0}
kpopwiki|http://www.kpopwiki.com/~{0}
kr|https://kr.wikipedia.org/wiki/~{0}
krc|https://krc.wikipedia.org/wiki/~{0}
ks|https://ks.wikipedia.org/wiki/~{0}
ksh|https://ksh.wikipedia.org/wiki/~{0}
ku|https://ku.wikipedia.org/wiki/~{0}
kv|https://kv.wikipedia.org/wiki/~{0}
kw|https://kw.wikipedia.org/wiki/~{0}
ky|https://ky.wikipedia.org/wiki/~{0}
la|https://la.wikipedia.org/wiki/~{0}
labsconsole|https://wikitech.wikimedia.org/wiki/~{0}
lad|https://lad.wikipedia.org/wiki/~{0}
lb|https://lb.wikipedia.org/wiki/~{0}
lbe|https://lbe.wikipedia.org/wiki/~{0}
lez|https://lez.wikipedia.org/wiki/~{0}
lg|https://lg.wikipedia.org/wiki/~{0}
li|https://li.wikipedia.org/wiki/~{0}
libreplanet|https://libreplanet.org/wiki/~{0}
lij|https://lij.wikipedia.org/wiki/~{0}
linguistlist|https://linguistlist.org/forms/langs/LLDescription.cfm?code=~{0}
linuxwiki|http://www.linuxwiki.de/~{0}
linuxwikide|http://www.linuxwiki.de/~{0}
liswiki|http://liswiki.org/wiki/~{0}
literateprograms|http://en.literateprograms.org/~{0}
livepedia|http://www.livepedia.gr/index.php?title=~{0}
lmo|https://lmo.wikipedia.org/wiki/~{0}
ln|https://ln.wikipedia.org/wiki/~{0}
lo|https://lo.wikipedia.org/wiki/~{0}
localwiki|https://localwiki.org/~{0}
lojban|http://www.lojban.org/tiki/tiki-index.php?page=~{0}
lostpedia|http://lostpedia.wikia.com/wiki/~{0}
lqwiki|http://wiki.linuxquestions.org/wiki/~{0}
lrc|https://lrc.wikipedia.org/wiki/~{0}
lt|https://lt.wikipedia.org/wiki/~{0}
ltg|https://ltg.wikipedia.org/wiki/~{0}
luxo|https://tools.wmflabs.org/guc/?user=~{0}
lv|https://lv.wikipedia.org/wiki/~{0}
lzh|https://zh-classical.wikipedia.org/wiki/~{0}
m|https://meta.wikimedia.org/wiki/~{0}
mai|https://mai.wikipedia.org/wiki/~{0}
mail|https://lists.wikimedia.org/mailman/listinfo/~{0}
mailarchive|https://lists.wikimedia.org/pipermail/~{0}
map-bms|https://map-bms.wikipedia.org/wiki/~{0}
mariowiki|http://www.mariowiki.com/~{0}
marveldatabase|http://www.marveldatabase.com/wiki/index.php/~{0}
mdf|https://mdf.wikipedia.org/wiki/~{0}
meatball|http://meatballwiki.org/wiki/~{0}
mediawikiwiki|https://www.mediawiki.org/wiki/~{0}
mediazilla|https://bugzilla.wikimedia.org/~{0}
memoryalpha|http://memory-alpha.org/wiki/~{0}
meta|https://meta.wikimedia.org/wiki/~{0}
metawiki|https://meta.wikimedia.org/wiki/~{0}
metawikimedia|https://meta.wikimedia.org/wiki/~{0}
metawikipedia|https://meta.wikimedia.org/wiki/~{0}
metawikisearch|http://sunir.org/apps/meta.pl?~{0}
mg|https://mg.wikipedia.org/wiki/~{0}
mh|https://mh.wikipedia.org/wiki/~{0}
mhr|https://mhr.wikipedia.org/wiki/~{0}
mi|https://mi.wikipedia.org/wiki/~{0}
min|https://min.wikipedia.org/wiki/~{0}
mineralienatlas|http://www.mineralienatlas.de/lexikon/index.php/~{0}
minnan|https://zh-min-nan.wikipedia.org/wiki/~{0}
mk|https://mk.wikipedia.org/wiki/~{0}
ml|https://ml.wikipedia.org/wiki/~{0}
mn|https://mn.wikipedia.org/wiki/~{0}
mo|https://mo.wikipedia.org/wiki/~{0}
moinmoin|http://moinmo.in/~{0}
monstropedia|http://www.monstropedia.org/?title=~{0}
mosapedia|http://mosapedia.de/wiki/index.php/~{0}
mozcom|http://mozilla.wikia.com/wiki/~{0}
mozillawiki|https://wiki.mozilla.org/~{0}
mozillazinekb|http://kb.mozillazine.org/~{0}
mr|https://mr.wikipedia.org/wiki/~{0}
mrj|https://mrj.wikipedia.org/wiki/~{0}
ms|https://ms.wikipedia.org/wiki/~{0}
mt|https://mt.wikipedia.org/wiki/~{0}
mus|https://mus.wikipedia.org/wiki/~{0}
musicbrainz|http://musicbrainz.org/doc/~{0}
mw|https://www.mediawiki.org/wiki/~{0}
mwl|https://mwl.wikipedia.org/wiki/~{0}
mwod|http://www.merriam-webster.com/cgi-bin/dictionary?book=Dictionary&va=~{0}
mwot|http://www.merriam-webster.com/cgi-bin/thesaurus?book=Thesaurus&va=~{0}
my|https://my.wikipedia.org/wiki/~{0}
myv|https://myv.wikipedia.org/wiki/~{0}
mzn|https://mzn.wikipedia.org/wiki/~{0}
n|https://en.wikinews.org/wiki/~{0}
na|https://na.wikipedia.org/wiki/~{0}
nah|https://nah.wikipedia.org/wiki/~{0}
nan|https://zh-min-nan.wikipedia.org/wiki/~{0}
nap|https://nap.wikipedia.org/wiki/~{0}
nara|http://research.archives.gov/description/~{0}
nb|https://no.wikipedia.org/wiki/~{0}
nds|https://nds.wikipedia.org/wiki/~{0}
nds-nl|https://nds-nl.wikipedia.org/wiki/~{0}
ne|https://ne.wikipedia.org/wiki/~{0}
new|https://new.wikipedia.org/wiki/~{0}
ng|https://ng.wikipedia.org/wiki/~{0}
nkcells|http://www.nkcells.info/index.php?title=~{0}
nl|https://nl.wikipedia.org/wiki/~{0}
nn|https://nn.wikipedia.org/wiki/~{0}
no|https://no.wikipedia.org/wiki/~{0}
nosmoke|http://no-smok.net/nsmk/~{0}
nost|https://nostalgia.wikipedia.org/wiki/~{0}
nostalgia|https://nostalgia.wikipedia.org/wiki/~{0}
nov|https://nov.wikipedia.org/wiki/~{0}
nrm|https://nrm.wikipedia.org/wiki/~{0}
nso|https://nso.wikipedia.org/wiki/~{0}
nv|https://nv.wikipedia.org/wiki/~{0}
ny|https://ny.wikipedia.org/wiki/~{0}
oc|https://oc.wikipedia.org/wiki/~{0}
oeis|https://oeis.org/~{0}
oldwikisource|https://wikisource.org/wiki/~{0}
olpc|http://wiki.laptop.org/go/~{0}
om|https://om.wikipedia.org/wiki/~{0}
onelook|http://www.onelook.com/?ls=b&w=~{0}
openfacts|http://openfacts.berlios.de/index-en.phtml?title=~{0}
openlibrary|http://openlibrary.org/~{0}
openstreetmap|https://wiki.openstreetmap.org/wiki/~{0}
openwetware|http://openwetware.org/wiki/~{0}
openwiki|http://openwiki.com/?~{0}
opera7wiki|http://operawiki.info/~{0}
or|https://or.wikipedia.org/wiki/~{0}
organicdesign|http://www.organicdesign.co.nz/~{0}
orthodoxwiki|http://orthodoxwiki.org/~{0}
os|https://os.wikipedia.org/wiki/~{0}
osmwiki|https://wiki.openstreetmap.org/wiki/~{0}
otrs|https://ticket.wikimedia.org/otrs/index.pl?Action=AgentTicketZoom&TicketID=~{0}
otrswiki|https://otrs-wiki.wikimedia.org/wiki/~{0}
ourmedia|https://www.socialtext.net/ourmedia/index.cgi?~{0}
outreach|https://outreach.wikimedia.org/wiki/~{0}
outreachwiki|https://outreach.wikimedia.org/wiki/~{0}
owasp|https://www.owasp.org/index.php/~{0}
pa|https://pa.wikipedia.org/wiki/~{0}
pag|https://pag.wikipedia.org/wiki/~{0}
pam|https://pam.wikipedia.org/wiki/~{0}
panawiki|http://wiki.alairelibre.net/index.php?title=~{0}
pap|https://pap.wikipedia.org/wiki/~{0}
patwiki|http://gauss.ffii.org/~{0}
pcd|https://pcd.wikipedia.org/wiki/~{0}
pdc|https://pdc.wikipedia.org/wiki/~{0}
personaltelco|http://www.personaltelco.net/~{0}
pfl|https://pfl.wikipedia.org/wiki/~{0}
phab|https://phabricator.wikimedia.org/~{0}
phabricator|https://phabricator.wikimedia.org/~{0}
phpwiki|http://phpwiki.sourceforge.net/phpwiki/index.php?~{0}
phwiki|http://www.pocketheaven.com/ph/wiki/index.php?title=~{0}
pi|https://pi.wikipedia.org/wiki/~{0}
pih|https://pih.wikipedia.org/wiki/~{0}
pl|https://pl.wikipedia.org/wiki/~{0}
planetmath|http://planetmath.org/node/~{0}
pmeg|http://www.bertilow.com/pmeg/~{0}
pms|https://pms.wikipedia.org/wiki/~{0}
pnb|https://pnb.wikipedia.org/wiki/~{0}
pnt|https://pnt.wikipedia.org/wiki/~{0}
pokewiki|http://pokewiki.de/~{0}
pokéwiki|http://pokewiki.de/~{0}
policy|https://policy.wikimedia.org/~{0}
proofwiki|https://www.proofwiki.org/wiki/~{0}
ps|https://ps.wikipedia.org/wiki/~{0}
psycle|http://psycle.sourceforge.net/wiki/~{0}
pt|https://pt.wikipedia.org/wiki/~{0}
pyrev|https://www.mediawiki.org/wiki/Special:Code/pywikipedia/~{0}
pythoninfo|https://wiki.python.org/moin/~{0}
pythonwiki|http://www.pythonwiki.de/~{0}
pywiki|http://c2.com/cgi/wiki?~{0}
q|https://en.wikiquote.org/wiki/~{0}
qu|https://qu.wikipedia.org/wiki/~{0}
quality|https://quality.wikimedia.org/wiki/~{0}
quarry|https://quarry.wmflabs.org/~{0}
rcirc|irc://irc.wikimedia.org/~{0}
reuterswiki|http://glossary.reuters.com/index.php/~{0}
rev|https://www.mediawiki.org/wiki/Special:Code/MediaWiki/~{0}
revo|http://purl.org/NET/voko/revo/art/~{0}.html
rfc|https://tools.ietf.org/html/rfc~{0}
rheinneckar|http://rhein-neckar-wiki.de/~{0}
rm|https://rm.wikipedia.org/wiki/~{0}
rmy|https://rmy.wikipedia.org/wiki/~{0}
rn|https://rn.wikipedia.org/wiki/~{0}
ro|https://ro.wikipedia.org/wiki/~{0}
roa-rup|https://roa-rup.wikipedia.org/wiki/~{0}
roa-tara|https://roa-tara.wikipedia.org/wiki/~{0}
robowiki|http://robowiki.net/?~{0}
rowiki|http://wiki.rennkuckuck.de/index.php/~{0}
rt|https://rt.wikimedia.org/Ticket/Display.html?id=~{0}
rtfm|ftp://rtfm.mit.edu/pub/faqs/~{0}
ru|https://ru.wikipedia.org/wiki/~{0}
rue|https://rue.wikipedia.org/wiki/~{0}
rup|https://roa-rup.wikipedia.org/wiki/~{0}
rw|https://rw.wikipedia.org/wiki/~{0}
s|https://en.wikisource.org/wiki/~{0}
s23wiki|http://s23.org/wiki/~{0}
sa|https://sa.wikipedia.org/wiki/~{0}
sah|https://sah.wikipedia.org/wiki/~{0}
sc|https://sc.wikipedia.org/wiki/~{0}
scholar|http://scholar.google.com/scholar?q=~{0}
schoolswp|http://schools-wikipedia.org/wiki/~{0}
scn|https://scn.wikipedia.org/wiki/~{0}
sco|https://sco.wikipedia.org/wiki/~{0}
scores|http://imslp.org/wiki/~{0}
scoutwiki|http://en.scoutwiki.org/~{0}
scramble|http://www.scramble.nl/wiki/index.php?title=~{0}
sd|https://sd.wikipedia.org/wiki/~{0}
se|https://se.wikipedia.org/wiki/~{0}
seapig|http://www.seapig.org/~{0}
seattlewiki|http://seattlewiki.org/wiki/~{0}
seattlewireless|http://seattlewireless.net/?~{0}
sector001|http://gagadesigns.net/wiki/startrek/index.php?title=~{0}
securewikidc|https://secure.wikidc.org/~{0}
semantic-mw|https://www.semantic-mediawiki.org/wiki/~{0}
senseislibrary|http://senseis.xmp.net/?~{0}
sep11|https://sep11.wikipedia.org/wiki/~{0}
sg|https://sg.wikipedia.org/wiki/~{0}
sgs|https://bat-smg.wikipedia.org/wiki/~{0}
sh|https://sh.wikipedia.org/wiki/~{0}
sharemap|http://sharemap.org/~{0}
si|https://si.wikipedia.org/wiki/~{0}
silcode|http://www.sil.org/iso639-3/documentation.asp?id=~{0}
simple|https://simple.wikipedia.org/wiki/~{0}
sk|https://sk.wikipedia.org/wiki/~{0}
sl|https://sl.wikipedia.org/wiki/~{0}
slashdot|http://slashdot.org/article.pl?sid=~{0}
slwiki|http://wiki.secondlife.com/wiki/~{0}
sm|https://sm.wikipedia.org/wiki/~{0}
sn|https://sn.wikipedia.org/wiki/~{0}
so|https://so.wikipedia.org/wiki/~{0}
sourceforge|http://sourceforge.net/~{0}
spcom|https://spcom.wikimedia.org/wiki/~{0}
species|https://species.wikimedia.org/wiki/~{0}
sq|https://sq.wikipedia.org/wiki/~{0}
squeak|http://wiki.squeak.org/squeak/~{0}
sr|https://sr.wikipedia.org/wiki/~{0}
srn|https://srn.wikipedia.org/wiki/~{0}
ss|https://ss.wikipedia.org/wiki/~{0}
st|https://st.wikipedia.org/wiki/~{0}
stats|https://stats.wikimedia.org/~{0}
stewardry|https://tools.wmflabs.org/pathoschild-contrib/stewardry/?wiki=~{0}
stq|https://stq.wikipedia.org/wiki/~{0}
strategy|https://strategy.wikimedia.org/wiki/~{0}
strategywiki|http://strategywiki.org/wiki/~{0}
su|https://su.wikipedia.org/wiki/~{0}
sulutil|https://meta.wikimedia.org/wiki/Special:CentralAuth/~{0}
sv|https://sv.wikipedia.org/wiki/~{0}
svn|https://svn.wikimedia.org/viewvc/mediawiki/~{0}?view=log
sw|https://sw.wikipedia.org/wiki/~{0}
swinbrain|https://swinbrain.ict.swin.edu.au/wiki/~{0}
swtrain|http://train.spottingworld.com/~{0}
szl|https://szl.wikipedia.org/wiki/~{0}
ta|https://ta.wikipedia.org/wiki/~{0}
tabwiki|http://www.tabwiki.com/index.php/~{0}
tclerswiki|http://wiki.tcl.tk/~{0}
te|https://te.wikipedia.org/wiki/~{0}
technorati|http://www.technorati.com/search/~{0}
tenwiki|https://ten.wikipedia.org/wiki/~{0}
test2wiki|https://test2.wikipedia.org/wiki/~{0}
testwiki|https://test.wikipedia.org/wiki/~{0}
testwikidata|https://test.wikidata.org/wiki/~{0}
tet|https://tet.wikipedia.org/wiki/~{0}
tfwiki|http://tfwiki.net/wiki/~{0}
tg|https://tg.wikipedia.org/wiki/~{0}
th|https://th.wikipedia.org/wiki/~{0}
thelemapedia|http://www.thelemapedia.org/index.php/~{0}
theopedia|http://www.theopedia.com/~{0}
thinkwiki|http://www.thinkwiki.org/wiki/~{0}
ti|https://ti.wikipedia.org/wiki/~{0}
tibiawiki|http://tibia.wikia.org/wiki/~{0}
ticket|https://ticket.wikimedia.org/otrs/index.pl?Action=AgentTicketZoom&TicketNumber=~{0}
tk|https://tk.wikipedia.org/wiki/~{0}
tl|https://tl.wikipedia.org/wiki/~{0}
tmbw|http://tmbw.net/wiki/~{0}
tmnet|http://www.technomanifestos.net/?~{0}
tmwiki|http://www.EasyTopicMaps.com/?page=~{0}
tn|https://tn.wikipedia.org/wiki/~{0}
to|https://to.wikipedia.org/wiki/~{0}
toollabs|https://tools.wmflabs.org/~{0}
tools|https://toolserver.org/~{0}
tpi|https://tpi.wikipedia.org/wiki/~{0}
tr|https://tr.wikipedia.org/wiki/~{0}
translatewiki|https://translatewiki.net/wiki/~{0}
ts|https://ts.wikipedia.org/wiki/~{0}
tswiki|https://www.mediawiki.org/wiki/Toolserver:~{0}
tt|https://tt.wikipedia.org/wiki/~{0}
tum|https://tum.wikipedia.org/wiki/~{0}
tviv|http://tviv.org/wiki/~{0}
tvtropes|http://www.tvtropes.org/pmwiki/pmwiki.php/Main/~{0}
tw|https://tw.wikipedia.org/wiki/~{0}
twiki|http://twiki.org/cgi-bin/view/~{0}
ty|https://ty.wikipedia.org/wiki/~{0}
tyv|https://tyv.wikipedia.org/wiki/~{0}
tyvawiki|http://www.tyvawiki.org/wiki/~{0}
udm|https://udm.wikipedia.org/wiki/~{0}
ug|https://ug.wikipedia.org/wiki/~{0}
uk|https://uk.wikipedia.org/wiki/~{0}
uncyclopedia|http://en.uncyclopedia.co/wiki/~{0}
unihan|http://www.unicode.org/cgi-bin/GetUnihanData.pl?codepoint=~{0}
unreal|http://wiki.beyondunreal.com/wiki/~{0}
ur|https://ur.wikipedia.org/wiki/~{0}
urbandict|http://www.urbandictionary.com/define.php?term=~{0}
usability|https://usability.wikimedia.org/wiki/~{0}
usej|http://www.tejo.org/usej/~{0}
usemod|http://www.usemod.com/cgi-bin/wiki.pl?~{0}
uz|https://uz.wikipedia.org/wiki/~{0}
v|https://en.wikiversity.org/wiki/~{0}
ve|https://ve.wikipedia.org/wiki/~{0}
vec|https://vec.wikipedia.org/wiki/~{0}
vep|https://vep.wikipedia.org/wiki/~{0}
vi|https://vi.wikipedia.org/wiki/~{0}
viaf|http://viaf.org/viaf/~{0}
vinismo|http://vinismo.com/en/~{0}
vkol|http://kol.coldfront.net/thekolwiki/index.php/~{0}
vlos|http://www.thuvienkhoahoc.com/tusach/~{0}
vls|https://vls.wikipedia.org/wiki/~{0}
vo|https://vo.wikipedia.org/wiki/~{0}
voipinfo|http://www.voip-info.org/wiki/view/~{0}
voy|https://en.wikivoyage.org/wiki/~{0}
vro|https://fiu-vro.wikipedia.org/wiki/~{0}
w|https://en.wikipedia.org/wiki/~{0}
wa|https://wa.wikipedia.org/wiki/~{0}
war|https://war.wikipedia.org/wiki/~{0}
werelate|http://www.werelate.org/wiki/~{0}
wg|https://wg-en.wikipedia.org/wiki/~{0}
wikia|http://www.wikia.com/wiki/c:~{0}
wikiapiary|https://wikiapiary.com/wiki/~{0}
wikiasite|http://www.wikia.com/wiki/c:~{0}
wikibooks|https://en.wikibooks.org/wiki/~{0}
wikichristian|http://www.wikichristian.org/index.php?title=~{0}
wikicities|http://www.wikia.com/wiki/~{0}
wikicity|http://www.wikia.com/wiki/c:~{0}
wikidata|https://www.wikidata.org/wiki/~{0}
wikif1|http://www.wikif1.org/~{0}
wikifur|https://en.wikifur.com/wiki/~{0}
wikihow|http://www.wikihow.com/~{0}
wikiindex|http://wikiindex.org/~{0}
wikilemon|http://wiki.illemonati.com/~{0}
wikilivres|http://wikilivres.ca/wiki/~{0}
wikilivresru|http://wikilivres.ru/~{0}
wikimac-de|http://apfelwiki.de/wiki/Main/~{0}
wikimedia|https://wikimediafoundation.org/wiki/~{0}
wikinews|https://en.wikinews.org/wiki/~{0}
wikinfo|http://wikinfo.org/w/index.php/~{0}
wikinvest|http://www.wikinvest.com/~{0}
wikiotics|https://wikiotics.org/~{0}
wikipedia|https://en.wikipedia.org/wiki/~{0}
wikipediawikipedia|https://en.wikipedia.org/wiki/Wikipedia:~{0}
wikiquote|https://en.wikiquote.org/wiki/~{0}
wikiskripta|http://www.wikiskripta.eu/index.php/~{0}
wikisophia|http://wikisophia.org/index.php?title=~{0}
wikisource|https://en.wikisource.org/wiki/~{0}
wikispecies|https://species.wikimedia.org/wiki/~{0}
wikispot|http://wikispot.org/?action=gotowikipage&v=~{0}
wikitech|https://wikitech.wikimedia.org/wiki/~{0}
wikiti|http://wikiti.denglend.net/index.php?title=~{0}
wikitree|http://wikitree.org/index.php?title=~{0}
wikiversity|https://en.wikiversity.org/wiki/~{0}
wikivoyage|https://en.wikivoyage.org/wiki/~{0}
wikiwikiweb|http://c2.com/cgi/wiki?~{0}
wikt|https://en.wiktionary.org/wiki/~{0}
wiktionary|https://en.wiktionary.org/wiki/~{0}
wipipedia|http://www.londonfetishscene.com/wipi/index.php/~{0}
wlug|http://www.wlug.org.nz/~{0}
wm2005|https://wikimania2005.wikimedia.org/wiki/~{0}
wm2006|https://wikimania2006.wikimedia.org/wiki/~{0}
wm2007|https://wikimania2007.wikimedia.org/wiki/~{0}
wm2008|https://wikimania2008.wikimedia.org/wiki/~{0}
wm2009|https://wikimania2009.wikimedia.org/wiki/~{0}
wm2010|https://wikimania2010.wikimedia.org/wiki/~{0}
wm2011|https://wikimania2011.wikimedia.org/wiki/~{0}
wm2012|https://wikimania2012.wikimedia.org/wiki/~{0}
wm2013|https://wikimania2013.wikimedia.org/wiki/~{0}
wm2014|https://wikimania2014.wikimedia.org/wiki/~{0}
wm2015|https://wikimania2015.wikimedia.org/wiki/~{0}
wm2016|https://wikimania2016.wikimedia.org/wiki/~{0}
wmania|https://wikimania.wikimedia.org/wiki/~{0}
wmar|http://www.wikimedia.org.ar/wiki/~{0}
wmau|http://wikimedia.org.au/wiki/~{0}
wmbd|https://bd.wikimedia.org/wiki/~{0}
wmbe|https://be.wikimedia.org/wiki/~{0}
wmbr|https://br.wikimedia.org/wiki/~{0}
wmca|https://ca.wikimedia.org/wiki/~{0}
wmch|http://www.wikimedia.ch/~{0}
wmcl|http://www.wikimediachile.cl/index.php?title=~{0}
wmcn|https://cn.wikimedia.org/wiki/~{0}
wmco|https://co.wikimedia.org/wiki/~{0}
wmcz|http://www.wikimedia.cz/web/~{0}
wmdc|http://wikimediadc.org/wiki/~{0}
wmde|https://wikimedia.de/wiki/~{0}
wmdeblog|https://blog.wikimedia.de/~{0}
wmdk|https://dk.wikimedia.org/wiki/~{0}
wmee|https://ee.wikimedia.org/wiki/~{0}
wmes|https://www.wikimedia.es/wiki/~{0}
wmet|https://ee.wikimedia.org/wiki/~{0}
wmf|https://wikimediafoundation.org/wiki/~{0}
wmfblog|https://blog.wikimedia.org/~{0}
wmfi|https://fi.wikimedia.org/wiki/~{0}
wmfr|http://wikimedia.fr/~{0}
wmhk|http://wikimedia.hk/index.php/~{0}
wmhu|http://wikimedia.hu/wiki/~{0}
wmid|http://www.wikimedia.or.id/wiki/~{0}
wmil|http://www.wikimedia.org.il/~{0}
wmin|http://wiki.wikimedia.in/~{0}
wmit|http://wiki.wikimedia.it/wiki/~{0}
wmke|http://wikimedia.or.ke/~{0}
wmmk|https://mk.wikimedia.org/wiki/~{0}
wmmx|https://mx.wikimedia.org/wiki/~{0}
wmnl|https://nl.wikimedia.org/wiki/~{0}
wmno|https://no.wikimedia.org/wiki/~{0}
wmnyc|https://nyc.wikimedia.org/wiki/~{0}
wmpa-us|https://pa-us.wikimedia.org/wiki/~{0}
wmph|http://wikimedia.org.ph/wmph/index.php?title=~{0}
wmpl|https://pl.wikimedia.org/wiki/~{0}
wmpt|http://wikimedia.pt/~{0}
wmrs|https://rs.wikimedia.org/wiki/~{0}
wmru|https://ru.wikimedia.org/wiki/~{0}
wmse|https://se.wikimedia.org/wiki/~{0}
wmsk|http://wikimedia.sk/~{0}
wmteam|https://wikimaniateam.wikimedia.org/wiki/~{0}
wmtr|https://tr.wikimedia.org/wiki/~{0}
wmtw|http://wikimedia.tw/wiki/index.php5/~{0}
wmua|https://ua.wikimedia.org/wiki/~{0}
wmuk|https://wikimedia.org.uk/wiki/~{0}
wmve|http://wikimedia.org.ve/wiki/~{0}
wmza|http://wikimedia.org.za/wiki/~{0}
wo|https://wo.wikipedia.org/wiki/~{0}
wookieepedia|http://starwars.wikia.com/wiki/~{0}
wowwiki|http://www.wowwiki.com/~{0}
wqy|http://wqy.sourceforge.net/cgi-bin/index.cgi?~{0}
wurmpedia|http://wurmpedia.com/index.php/~{0}
wuu|https://wuu.wikipedia.org/wiki/~{0}
xal|https://xal.wikipedia.org/wiki/~{0}
xh|https://xh.wikipedia.org/wiki/~{0}
xmf|https://xmf.wikipedia.org/wiki/~{0}
yi|https://yi.wikipedia.org/wiki/~{0}
yo|https://yo.wikipedia.org/wiki/~{0}
yue|https://zh-yue.wikipedia.org/wiki/~{0}
za|https://za.wikipedia.org/wiki/~{0}
zea|https://zea.wikipedia.org/wiki/~{0}
zh|https://zh.wikipedia.org/wiki/~{0}
zh-cfr|https://zh-min-nan.wikipedia.org/wiki/~{0}
zh-classical|https://zh-classical.wikipedia.org/wiki/~{0}
zh-cn|https://zh.wikipedia.org/wiki/~{0}
zh-min-nan|https://zh-min-nan.wikipedia.org/wiki/~{0}
zh-tw|https://zh.wikipedia.org/wiki/~{0}
zh-yue|https://zh-yue.wikipedia.org/wiki/~{0}
zrhwiki|http://www.zrhwiki.ch/wiki/~{0}
zu|https://zu.wikipedia.org/wiki/~{0}
zum|http://wiki.zum.de/~{0}
zwiki|http://www.zwiki.org/~{0}
ĉej|http://esperanto.blahus.cz/cxej/vikio/index.php/~{0}